scenario,strategy,weight_method,seed,num_students,overload_ratio,violation_level,rejected_hard,waitlist,success_rate_pct,urgent_success_pct,normal_success_pct,fairness_index,capacity_util_pct,filter_ms,rank_ms,allocate_ms,total_ms
KB1_NhuCauThap,FIFO,-,42,3000,0.600000,low,0,0,100.000000,100.000000,100.000000,1.000000,61.728395,0.000000,1.737000,0.140000,1.877000
KB1_NhuCauThap,Rule-based,-,42,3000,0.600000,low,148,0,95.066667,94.642857,95.141066,0.999993,58.683128,0.229000,1.575000,0.178000,1.982000
KB1_NhuCauThap,TOPSIS,EWM,42,3000,0.600000,low,148,0,95.066667,94.642857,95.141066,0.999993,58.683128,0.983000,1.994000,0.138000,3.115000
KB1_NhuCauThap,Hybrid,EWM,42,3000,0.600000,low,148,2852,95.066667,94.642857,95.141066,0.999993,58.683128,0.186000,2.351000,52.784000,55.321000
KB1_NhuCauThap,TOPSIS,AHP,42,3000,0.600000,low,148,0,95.066667,94.642857,95.141066,0.999993,58.683128,0.189000,1.202000,0.350000,1.741000
KB1_NhuCauThap,Hybrid,AHP,42,3000,0.600000,low,148,2852,95.066667,94.642857,95.141066,0.999993,58.683128,0.215000,1.768000,48.635000,50.618000
KB1_NhuCauThap,FIFO,-,43,3000,0.600000,low,0,3,99.900000,99.544419,99.960953,0.999996,61.666667,0.000000,1.366000,0.117000,1.483000
KB1_NhuCauThap,Rule-based,-,43,3000,0.600000,low,152,0,94.933333,94.077449,95.080047,0.999972,58.600823,0.138000,1.267000,0.082000,1.487000
KB1_NhuCauThap,TOPSIS,EWM,43,3000,0.600000,low,152,0,94.933333,94.077449,95.080047,0.999972,58.600823,0.118000,1.991000,0.382000,2.491000
KB1_NhuCauThap,Hybrid,EWM,43,3000,0.600000,low,152,2848,94.933333,94.077449,95.080047,0.999972,58.600823,0.172000,1.992000,46.260000,48.424000
KB1_NhuCauThap,TOPSIS,AHP,43,3000,0.600000,low,152,0,94.933333,94.077449,95.080047,0.999972,58.600823,0.178000,1.099000,0.288000,1.565000
KB1_NhuCauThap,Hybrid,AHP,43,3000,0.600000,low,152,2848,94.933333,94.077449,95.080047,0.999972,58.600823,0.116000,1.682000,47.134000,48.932000
KB1_NhuCauThap,FIFO,-,44,3000,0.600000,low,0,0,100.000000,100.000000,100.000000,1.000000,61.728395,0.000000,2.365000,0.102000,2.467000
KB1_NhuCauThap,Rule-based,-,44,3000,0.600000,low,138,0,95.400000,95.424837,95.395514,1.000000,58.888889,0.122000,1.426000,0.086000,1.634000
KB1_NhuCauThap,TOPSIS,EWM,44,3000,0.600000,low,138,0,95.400000,95.424837,95.395514,1.000000,58.888889,0.122000,2.444000,0.178000,2.744000
KB1_NhuCauThap,Hybrid,EWM,44,3000,0.600000,low,138,2862,95.400000,95.424837,95.395514,1.000000,58.888889,0.305000,2.174000,47.689000,50.168000
KB1_NhuCauThap,TOPSIS,AHP,44,3000,0.600000,low,138,0,95.400000,95.424837,95.395514,1.000000,58.888889,0.186000,1.419000,0.089000,1.694000
KB1_NhuCauThap,Hybrid,AHP,44,3000,0.600000,low,138,2862,95.400000,95.424837,95.395514,1.000000,58.888889,0.377000,1.590000,46.008000,47.975000
KB1_NhuCauThap,FIFO,-,45,3000,0.600000,low,0,3,99.900000,99.784483,99.921136,1.000000,61.666667,0.000000,1.424000,0.112000,1.536000
KB1_NhuCauThap,Rule-based,-,45,3000,0.600000,low,158,0,94.733333,95.258621,94.637224,0.999989,58.477366,0.129000,1.309000,0.086000,1.524000
KB1_NhuCauThap,TOPSIS,EWM,45,3000,0.600000,low,158,0,94.733333,95.258621,94.637224,0.999989,58.477366,0.133000,1.524000,0.324000,1.981000
KB1_NhuCauThap,Hybrid,EWM,45,3000,0.600000,low,158,2842,94.733333,95.258621,94.637224,0.999989,58.477366,0.183000,1.600000,45.598000,47.381000
KB1_NhuCauThap,TOPSIS,AHP,45,3000,0.600000,low,158,0,94.733333,95.258621,94.637224,0.999989,58.477366,0.223000,1.797000,0.090000,2.110000
KB1_NhuCauThap,Hybrid,AHP,45,3000,0.600000,low,158,2842,94.733333,95.258621,94.637224,0.999989,58.477366,0.111000,1.312000,48.064000,49.487000
KB1_NhuCauThap,FIFO,-,46,3000,0.600000,low,0,8,99.733333,99.562363,99.764058,0.999999,61.563786,0.000000,1.454000,0.112000,1.566000
KB1_NhuCauThap,Rule-based,-,46,3000,0.600000,low,152,4,94.800000,95.185996,94.730633,0.999994,58.518519,0.173000,1.330000,0.107000,1.610000
KB1_NhuCauThap,TOPSIS,EWM,46,3000,0.600000,low,152,4,94.800000,95.185996,94.730633,0.999994,58.518519,0.343000,1.673000,0.086000,2.102000
KB1_NhuCauThap,Hybrid,EWM,46,3000,0.600000,low,152,2848,94.933333,95.185996,94.887928,0.999998,58.600823,0.175000,2.384000,46.122000,48.681000
KB1_NhuCauThap,TOPSIS,AHP,46,3000,0.600000,low,152,4,94.800000,95.185996,94.730633,0.999994,58.518519,0.178000,1.976000,0.177000,2.331000
KB1_NhuCauThap,Hybrid,AHP,46,3000,0.600000,low,152,2848,94.933333,95.185996,94.887928,0.999998,58.600823,0.195000,1.616000,46.448000,48.259000
KB1_NhuCauThap,FIFO,-,47,3000,0.600000,low,0,1,99.966667,99.781659,100.000000,0.999999,61.707819,0.000000,1.911000,0.096000,2.007000
KB1_NhuCauThap,Rule-based,-,47,3000,0.600000,low,137,0,95.433333,93.449782,95.790716,0.999847,58.909465,0.134000,1.300000,0.083000,1.517000
KB1_NhuCauThap,TOPSIS,EWM,47,3000,0.600000,low,137,0,95.433333,93.449782,95.790716,0.999847,58.909465,0.146000,1.818000,0.230000,2.194000
KB1_NhuCauThap,Hybrid,EWM,47,3000,0.600000,low,137,2863,95.433333,93.449782,95.790716,0.999847,58.909465,0.174000,1.500000,48.774000,50.448000
KB1_NhuCauThap,TOPSIS,AHP,47,3000,0.600000,low,137,0,95.433333,93.449782,95.790716,0.999847,58.909465,0.219000,1.681000,0.123000,2.023000
KB1_NhuCauThap,Hybrid,AHP,47,3000,0.600000,low,137,2863,95.433333,93.449782,95.790716,0.999847,58.909465,0.125000,1.645000,46.901000,48.671000
KB1_NhuCauThap,FIFO,-,48,3000,0.600000,low,0,6,99.800000,100.000000,99.764336,0.999999,61.604938,0.000000,1.421000,0.089000,1.510000
KB1_NhuCauThap,Rule-based,-,48,3000,0.600000,low,137,4,95.300000,96.475771,95.090338,0.999948,58.827160,0.130000,1.981000,0.089000,2.200000
KB1_NhuCauThap,TOPSIS,EWM,48,3000,0.600000,low,137,4,95.300000,96.475771,95.090338,0.999948,58.827160,0.126000,2.103000,0.181000,2.410000
KB1_NhuCauThap,Hybrid,EWM,48,3000,0.600000,low,137,2863,95.433333,96.475771,95.247447,0.999959,58.909465,0.599000,1.706000,49.442000,51.747000
KB1_NhuCauThap,TOPSIS,AHP,48,3000,0.600000,low,137,4,95.300000,96.475771,95.090338,0.999948,58.827160,0.185000,1.377000,0.104000,1.666000
KB1_NhuCauThap,Hybrid,AHP,48,3000,0.600000,low,137,2863,95.433333,96.475771,95.247447,0.999959,58.909465,0.266000,1.542000,51.556000,53.364000
KB1_NhuCauThap,FIFO,-,49,3000,0.600000,low,0,0,100.000000,100.000000,100.000000,1.000000,61.728395,0.000000,1.342000,0.094000,1.436000
KB1_NhuCauThap,Rule-based,-,49,3000,0.600000,low,151,0,94.966667,93.986637,95.139161,0.999963,58.621399,0.148000,1.277000,0.085000,1.510000
KB1_NhuCauThap,TOPSIS,EWM,49,3000,0.600000,low,151,0,94.966667,93.986637,95.139161,0.999963,58.621399,0.114000,1.486000,0.326000,1.926000
KB1_NhuCauThap,Hybrid,EWM,49,3000,0.600000,low,151,2849,94.966667,93.986637,95.139161,0.999963,58.621399,0.185000,1.621000,59.994000,61.800000
KB1_NhuCauThap,TOPSIS,AHP,49,3000,0.600000,low,151,0,94.966667,93.986637,95.139161,0.999963,58.621399,0.126000,1.720000,0.103000,1.949000
KB1_NhuCauThap,Hybrid,AHP,49,3000,0.600000,low,151,2849,94.966667,93.986637,95.139161,0.999963,58.621399,0.114000,2.051000,48.384000,50.549000
KB1_NhuCauThap,FIFO,-,50,3000,0.600000,low,0,2,99.933333,100.000000,99.921814,1.000000,61.687243,0.000000,1.478000,0.098000,1.576000
KB1_NhuCauThap,Rule-based,-,50,3000,0.600000,low,157,0,94.766667,93.891403,94.917905,0.999970,58.497942,0.187000,1.334000,0.089000,1.610000
KB1_NhuCauThap,TOPSIS,EWM,50,3000,0.600000,low,157,0,94.766667,93.891403,94.917905,0.999970,58.497942,0.290000,1.682000,0.096000,2.068000
KB1_NhuCauThap,Hybrid,EWM,50,3000,0.600000,low,157,2843,94.766667,93.891403,94.917905,0.999970,58.497942,0.225000,1.884000,47.629000,49.738000
KB1_NhuCauThap,TOPSIS,AHP,50,3000,0.600000,low,157,0,94.766667,93.891403,94.917905,0.999970,58.497942,0.196000,1.628000,0.176000,2.000000
KB1_NhuCauThap,Hybrid,AHP,50,3000,0.600000,low,157,2843,94.766667,93.891403,94.917905,0.999970,58.497942,0.200000,2.263000,44.972000,47.435000
KB1_NhuCauThap,FIFO,-,51,3000,0.600000,low,0,0,100.000000,100.000000,100.000000,1.000000,61.728395,0.000000,1.339000,0.105000,1.444000
KB1_NhuCauThap,Rule-based,-,51,3000,0.600000,low,120,0,96.000000,96.717724,95.871018,0.999981,59.259259,0.344000,2.455000,0.169000,2.968000
KB1_NhuCauThap,TOPSIS,EWM,51,3000,0.600000,low,120,0,96.000000,96.717724,95.871018,0.999981,59.259259,0.198000,1.667000,0.098000,1.963000
KB1_NhuCauThap,Hybrid,EWM,51,3000,0.600000,low,120,2880,96.000000,96.717724,95.871018,0.999981,59.259259,0.526000,2.531000,46.012000,49.069000
KB1_NhuCauThap,TOPSIS,AHP,51,3000,0.600000,low,120,0,96.000000,96.717724,95.871018,0.999981,59.259259,0.208000,1.601000,0.098000,1.907000
KB1_NhuCauThap,Hybrid,AHP,51,3000,0.600000,low,120,2880,96.000000,96.717724,95.871018,0.999981,59.259259,0.186000,1.403000,47.022000,48.611000
KB1_NhuCauThap,FIFO,-,52,3000,0.600000,low,0,0,100.000000,100.000000,100.000000,1.000000,61.728395,0.000000,1.401000,0.120000,1.521000
KB1_NhuCauThap,Rule-based,-,52,3000,0.600000,low,149,0,95.033333,95.464853,94.958968,0.999993,58.662551,0.390000,1.317000,0.084000,1.791000
KB1_NhuCauThap,TOPSIS,EWM,52,3000,0.600000,low,149,0,95.033333,95.464853,94.958968,0.999993,58.662551,0.117000,1.659000,0.091000,1.867000
KB1_NhuCauThap,Hybrid,EWM,52,3000,0.600000,low,149,2851,95.033333,95.464853,94.958968,0.999993,58.662551,0.303000,1.583000,50.697000,52.583000
KB1_NhuCauThap,TOPSIS,AHP,52,3000,0.600000,low,149,0,95.033333,95.464853,94.958968,0.999993,58.662551,0.135000,1.753000,0.095000,1.983000
KB1_NhuCauThap,Hybrid,AHP,52,3000,0.600000,low,149,2851,95.033333,95.464853,94.958968,0.999993,58.662551,0.113000,1.413000,46.070000,47.596000
KB1_NhuCauThap,FIFO,-,53,3000,0.600000,low,0,0,100.000000,100.000000,100.000000,1.000000,61.728395,0.000000,1.412000,0.103000,1.515000
KB1_NhuCauThap,Rule-based,-,53,3000,0.600000,low,163,0,94.566667,92.393736,94.947121,0.999814,58.374486,0.168000,1.297000,0.085000,1.550000
KB1_NhuCauThap,TOPSIS,EWM,53,3000,0.600000,low,163,0,94.566667,92.393736,94.947121,0.999814,58.374486,0.207000,1.961000,0.085000,2.253000
KB1_NhuCauThap,Hybrid,EWM,53,3000,0.600000,low,163,2837,94.566667,92.393736,94.947121,0.999814,58.374486,0.113000,1.586000,47.543000,49.242000
KB1_NhuCauThap,TOPSIS,AHP,53,3000,0.600000,low,163,0,94.566667,92.393736,94.947121,0.999814,58.374486,0.153000,1.561000,0.092000,1.806000
KB1_NhuCauThap,Hybrid,AHP,53,3000,0.600000,low,163,2837,94.566667,92.393736,94.947121,0.999814,58.374486,0.112000,1.573000,46.160000,47.845000
KB1_NhuCauThap,FIFO,-,54,3000,0.600000,low,0,3,99.900000,99.770115,99.922027,0.999999,61.666667,0.000000,1.481000,0.149000,1.630000
KB1_NhuCauThap,Rule-based,-,54,3000,0.600000,low,128,3,95.633333,96.091954,95.555556,0.999992,59.032922,0.132000,1.311000,0.088000,1.531000
KB1_NhuCauThap,TOPSIS,EWM,54,3000,0.600000,low,128,3,95.633333,96.091954,95.555556,0.999992,59.032922,0.121000,1.562000,0.118000,1.801000
KB1_NhuCauThap,Hybrid,EWM,54,3000,0.600000,low,128,2872,95.733333,96.091954,95.672515,0.999995,59.094650,0.209000,2.126000,47.470000,49.805000
KB1_NhuCauThap,TOPSIS,AHP,54,3000,0.600000,low,128,3,95.633333,96.091954,95.555556,0.999992,59.032922,0.166000,1.734000,0.090000,1.990000
KB1_NhuCauThap,Hybrid,AHP,54,3000,0.600000,low,128,2872,95.733333,96.091954,95.672515,0.999995,59.094650,0.118000,2.056000,47.460000,49.634000
KB1_NhuCauThap,FIFO,-,55,3000,0.600000,low,0,8,99.733333,100.000000,99.688958,0.999998,61.563786,0.000000,1.420000,0.120000,1.540000
KB1_NhuCauThap,Rule-based,-,55,3000,0.600000,low,164,4,94.400000,93.224299,94.595645,0.999947,58.271605,0.143000,1.280000,0.084000,1.507000
KB1_NhuCauThap,TOPSIS,EWM,55,3000,0.600000,low,164,4,94.400000,93.224299,94.595645,0.999947,58.271605,0.108000,1.602000,0.100000,1.810000
KB1_NhuCauThap,Hybrid,EWM,55,3000,0.600000,low,164,2836,94.533333,93.224299,94.751166,0.999934,58.353909,0.272000,2.387000,48.782000,51.441000
KB1_NhuCauThap,TOPSIS,AHP,55,3000,0.600000,low,164,4,94.400000,93.224299,94.595645,0.999947,58.271605,0.305000,1.360000,0.095000,1.760000
KB1_NhuCauThap,Hybrid,AHP,55,3000,0.600000,low,164,2836,94.533333,93.224299,94.751166,0.999934,58.353909,0.187000,1.806000,52.487000,54.480000
KB1_NhuCauThap,FIFO,-,56,3000,0.600000,low,0,2,99.933333,100.000000,99.922149,1.000000,61.687243,0.000000,1.434000,0.098000,1.532000
KB1_NhuCauThap,Rule-based,-,56,3000,0.600000,low,144,0,95.200000,95.823666,95.095368,0.999985,58.765432,0.312000,1.370000,0.089000,1.771000
KB1_NhuCauThap,TOPSIS,EWM,56,3000,0.600000,low,144,0,95.200000,95.823666,95.095368,0.999985,58.765432,0.161000,2.031000,0.120000,2.312000
KB1_NhuCauThap,Hybrid,EWM,56,3000,0.600000,low,144,2856,95.200000,95.823666,95.095368,0.999985,58.765432,0.174000,2.095000,50.647000,52.916000
KB1_NhuCauThap,TOPSIS,AHP,56,3000,0.600000,low,144,0,95.200000,95.823666,95.095368,0.999985,58.765432,0.131000,1.546000,0.090000,1.767000
KB1_NhuCauThap,Hybrid,AHP,56,3000,0.600000,low,144,2856,95.200000,95.823666,95.095368,0.999985,58.765432,0.118000,1.955000,47.194000,49.267000
KB1_NhuCauThap,FIFO,-,57,3000,0.600000,low,0,7,99.766667,99.792100,99.761810,1.000000,61.584362,0.000000,2.218000,0.095000,2.313000
KB1_NhuCauThap,Rule-based,-,57,3000,0.600000,low,134,5,95.366667,95.841996,95.275903,0.999991,58.868313,0.177000,1.312000,0.092000,1.581000
KB1_NhuCauThap,TOPSIS,EWM,57,3000,0.600000,low,134,5,95.366667,95.841996,95.275903,0.999991,58.868313,0.177000,1.721000,0.293000,2.191000
KB1_NhuCauThap,Hybrid,EWM,57,3000,0.600000,low,134,2866,95.533333,95.841996,95.474395,0.999996,58.971193,0.178000,1.868000,47.299000,49.345000
KB1_NhuCauThap,TOPSIS,AHP,57,3000,0.600000,low,134,5,95.366667,95.841996,95.275903,0.999991,58.868313,0.128000,1.999000,0.171000,2.298000
KB1_NhuCauThap,Hybrid,AHP,57,3000,0.600000,low,134,2866,95.533333,95.841996,95.474395,0.999996,58.971193,0.589000,1.891000,47.971000,50.451000
KB1_NhuCauThap,FIFO,-,58,3000,0.600000,low,0,2,99.933333,100.000000,99.921291,1.000000,61.687243,0.000000,1.414000,0.089000,1.503000
KB1_NhuCauThap,Rule-based,-,58,3000,0.600000,low,144,0,95.200000,94.989107,95.238095,0.999998,58.765432,0.317000,1.305000,0.096000,1.718000
KB1_NhuCauThap,TOPSIS,EWM,58,3000,0.600000,low,144,0,95.200000,94.989107,95.238095,0.999998,58.765432,0.172000,2.271000,0.405000,2.848000
KB1_NhuCauThap,Hybrid,EWM,58,3000,0.600000,low,144,2856,95.200000,94.989107,95.238095,0.999998,58.765432,0.123000,1.711000,46.015000,47.849000
KB1_NhuCauThap,TOPSIS,AHP,58,3000,0.600000,low,144,0,95.200000,94.989107,95.238095,0.999998,58.765432,0.176000,1.529000,0.099000,1.804000
KB1_NhuCauThap,Hybrid,AHP,58,3000,0.600000,low,144,2856,95.200000,94.989107,95.238095,0.999998,58.765432,0.360000,1.682000,47.054000,49.096000
KB1_NhuCauThap,FIFO,-,59,3000,0.600000,low,0,0,100.000000,100.000000,100.000000,1.000000,61.728395,0.000000,1.486000,0.103000,1.589000
KB1_NhuCauThap,Rule-based,-,59,3000,0.600000,low,148,0,95.066667,95.883777,94.936220,0.999975,58.683128,0.124000,1.402000,0.095000,1.621000
KB1_NhuCauThap,TOPSIS,EWM,59,3000,0.600000,low,148,0,95.066667,95.883777,94.936220,0.999975,58.683128,0.123000,1.605000,0.240000,1.968000
KB1_NhuCauThap,Hybrid,EWM,59,3000,0.600000,low,148,2852,95.066667,95.883777,94.936220,0.999975,58.683128,0.116000,1.913000,49.773000,51.802000
KB1_NhuCauThap,TOPSIS,AHP,59,3000,0.600000,low,148,0,95.066667,95.883777,94.936220,0.999975,58.683128,0.212000,2.074000,0.106000,2.392000
KB1_NhuCauThap,Hybrid,AHP,59,3000,0.600000,low,148,2852,95.066667,95.883777,94.936220,0.999975,58.683128,0.424000,2.212000,68.204000,70.840000
KB1_NhuCauThap,FIFO,-,60,3000,0.600000,low,0,0,100.000000,100.000000,100.000000,1.000000,61.728395,0.000000,1.538000,0.434000,1.972000
KB1_NhuCauThap,Rule-based,-,60,3000,0.600000,low,163,0,94.566667,94.226804,94.632207,0.999995,58.374486,0.228000,2.384000,0.182000,2.794000
KB1_NhuCauThap,TOPSIS,EWM,60,3000,0.600000,low,163,0,94.566667,94.226804,94.632207,0.999995,58.374486,0.510000,2.632000,0.210000,3.352000
KB1_NhuCauThap,Hybrid,EWM,60,3000,0.600000,low,163,2837,94.566667,94.226804,94.632207,0.999995,58.374486,0.309000,1.988000,48.528000,50.825000
KB1_NhuCauThap,TOPSIS,AHP,60,3000,0.600000,low,163,0,94.566667,94.226804,94.632207,0.999995,58.374486,0.134000,1.629000,0.093000,1.856000
KB1_NhuCauThap,Hybrid,AHP,60,3000,0.600000,low,163,2837,94.566667,94.226804,94.632207,0.999995,58.374486,0.445000,1.623000,51.120000,53.188000
KB1_NhuCauThap,FIFO,-,61,3000,0.600000,low,0,0,100.000000,100.000000,100.000000,1.000000,61.728395,0.000000,1.472000,0.108000,1.580000
KB1_NhuCauThap,Rule-based,-,61,3000,0.600000,low,153,0,94.900000,96.265560,94.638602,0.999927,58.580247,0.121000,1.404000,0.090000,1.615000
KB1_NhuCauThap,TOPSIS,EWM,61,3000,0.600000,low,153,0,94.900000,96.265560,94.638602,0.999927,58.580247,0.185000,1.963000,0.099000,2.247000
KB1_NhuCauThap,Hybrid,EWM,61,3000,0.600000,low,153,2847,94.900000,96.265560,94.638602,0.999927,58.580247,0.192000,2.858000,48.439000,51.489000
KB1_NhuCauThap,TOPSIS,AHP,61,3000,0.600000,low,153,0,94.900000,96.265560,94.638602,0.999927,58.580247,0.126000,2.496000,0.173000,2.795000
KB1_NhuCauThap,Hybrid,AHP,61,3000,0.600000,low,153,2847,94.900000,96.265560,94.638602,0.999927,58.580247,0.169000,1.486000,49.903000,51.558000
KB1_NhuCauThap,FIFO,-,62,3000,0.600000,low,0,4,99.866667,100.000000,99.844055,0.999999,61.646091,0.000000,1.512000,0.111000,1.623000
KB1_NhuCauThap,Rule-based,-,62,3000,0.600000,low,168,1,94.366667,93.333333,94.541910,0.999959,58.251029,0.186000,2.005000,0.095000,2.286000
KB1_NhuCauThap,TOPSIS,EWM,62,3000,0.600000,low,168,1,94.366667,93.333333,94.541910,0.999959,58.251029,0.121000,2.029000,0.201000,2.351000
KB1_NhuCauThap,Hybrid,EWM,62,3000,0.600000,low,168,2832,94.400000,93.333333,94.580897,0.999956,58.271605,0.332000,1.785000,52.944000,55.061000
KB1_NhuCauThap,TOPSIS,AHP,62,3000,0.600000,low,168,1,94.366667,93.333333,94.541910,0.999959,58.251029,0.188000,1.538000,0.097000,1.823000
KB1_NhuCauThap,Hybrid,AHP,62,3000,0.600000,low,168,2832,94.400000,93.333333,94.580897,0.999956,58.271605,0.429000,1.446000,49.343000,51.218000
KB1_NhuCauThap,FIFO,-,63,3000,0.600000,low,0,0,100.000000,100.000000,100.000000,1.000000,61.728395,0.000000,1.582000,0.121000,1.703000
KB1_NhuCauThap,Rule-based,-,63,3000,0.600000,low,152,0,94.933333,93.266833,95.190458,0.999896,58.600823,0.158000,1.340000,0.089000,1.587000
KB1_NhuCauThap,TOPSIS,EWM,63,3000,0.600000,low,152,0,94.933333,93.266833,95.190458,0.999896,58.600823,0.122000,1.581000,0.310000,2.013000
KB1_NhuCauThap,Hybrid,EWM,63,3000,0.600000,low,152,2848,94.933333,93.266833,95.190458,0.999896,58.600823,0.144000,2.242000,49.795000,52.181000
KB1_NhuCauThap,TOPSIS,AHP,63,3000,0.600000,low,152,0,94.933333,93.266833,95.190458,0.999896,58.600823,0.192000,1.735000,0.123000,2.050000
KB1_NhuCauThap,Hybrid,AHP,63,3000,0.600000,low,152,2848,94.933333,93.266833,95.190458,0.999896,58.600823,0.135000,1.508000,47.638000,49.281000
KB1_NhuCauThap,FIFO,-,64,3000,0.600000,low,0,1,99.966667,100.000000,99.960239,1.000000,61.707819,0.000000,1.398000,0.086000,1.484000
KB1_NhuCauThap,Rule-based,-,64,3000,0.600000,low,154,0,94.866667,94.226804,94.990060,0.999984,58.559671,0.171000,1.344000,0.088000,1.603000
KB1_NhuCauThap,TOPSIS,EWM,64,3000,0.600000,low,154,0,94.866667,94.226804,94.990060,0.999984,58.559671,0.748000,2.459000,0.097000,3.304000
KB1_NhuCauThap,Hybrid,EWM,64,3000,0.600000,low,154,2846,94.866667,94.226804,94.990060,0.999984,58.559671,0.170000,1.490000,46.185000,47.845000
KB1_NhuCauThap,TOPSIS,AHP,64,3000,0.600000,low,154,0,94.866667,94.226804,94.990060,0.999984,58.559671,0.129000,1.331000,0.086000,1.546000
KB1_NhuCauThap,Hybrid,AHP,64,3000,0.600000,low,154,2846,94.866667,94.226804,94.990060,0.999984,58.559671,0.139000,1.277000,47.486000,48.902000
KB1_NhuCauThap,FIFO,-,65,3000,0.600000,low,0,0,100.000000,100.000000,100.000000,1.000000,61.728395,0.000000,1.361000,0.104000,1.465000
KB1_NhuCauThap,Rule-based,-,65,3000,0.600000,low,166,0,94.466667,96.606335,94.096951,0.999827,58.312757,0.359000,1.755000,0.102000,2.216000
KB1_NhuCauThap,TOPSIS,EWM,65,3000,0.600000,low,166,0,94.466667,96.606335,94.096951,0.999827,58.312757,0.122000,1.502000,0.087000,1.711000
KB1_NhuCauThap,Hybrid,EWM,65,3000,0.600000,low,166,2834,94.466667,96.606335,94.096951,0.999827,58.312757,0.224000,1.560000,44.467000,46.251000
KB1_NhuCauThap,TOPSIS,AHP,65,3000,0.600000,low,166,0,94.466667,96.606335,94.096951,0.999827,58.312757,0.128000,1.321000,0.378000,1.827000
KB1_NhuCauThap,Hybrid,AHP,65,3000,0.600000,low,166,2834,94.466667,96.606335,94.096951,0.999827,58.312757,0.168000,1.366000,44.444000,45.978000
KB1_NhuCauThap,FIFO,-,66,3000,0.600000,low,0,6,99.800000,100.000000,99.762282,0.999999,61.604938,0.000000,1.333000,0.089000,1.422000
KB1_NhuCauThap,Rule-based,-,66,3000,0.600000,low,143,4,95.100000,94.747899,95.166403,0.999995,58.703704,0.108000,1.268000,0.079000,1.455000
KB1_NhuCauThap,TOPSIS,EWM,66,3000,0.600000,low,143,4,95.100000,94.747899,95.166403,0.999995,58.703704,0.118000,2.208000,0.110000,2.436000
KB1_NhuCauThap,Hybrid,EWM,66,3000,0.600000,low,143,2857,95.233333,94.747899,95.324881,0.999991,58.786008,0.107000,2.610000,46.789000,49.506000
KB1_NhuCauThap,TOPSIS,AHP,66,3000,0.600000,low,143,4,95.100000,94.747899,95.166403,0.999995,58.703704,0.185000,1.701000,0.175000,2.061000
KB1_NhuCauThap,Hybrid,AHP,66,3000,0.600000,low,143,2857,95.233333,94.747899,95.324881,0.999991,58.786008,0.362000,1.940000,49.016000,51.318000
KB1_NhuCauThap,FIFO,-,67,3000,0.600000,low,0,5,99.833333,99.764706,99.844660,1.000000,61.625514,0.000000,1.365000,0.105000,1.470000
KB1_NhuCauThap,Rule-based,-,67,3000,0.600000,low,138,2,95.333333,96.000000,95.223301,0.999984,58.847737,0.188000,2.140000,0.094000,2.422000
KB1_NhuCauThap,TOPSIS,EWM,67,3000,0.600000,low,138,2,95.333333,96.000000,95.223301,0.999984,58.847737,0.116000,1.602000,0.106000,1.824000
KB1_NhuCauThap,Hybrid,EWM,67,3000,0.600000,low,138,2862,95.400000,96.000000,95.300971,0.999987,58.888889,0.588000,2.414000,45.896000,48.898000
KB1_NhuCauThap,TOPSIS,AHP,67,3000,0.600000,low,138,2,95.333333,96.000000,95.223301,0.999984,58.847737,0.149000,1.713000,0.181000,2.043000
KB1_NhuCauThap,Hybrid,AHP,67,3000,0.600000,low,138,2862,95.400000,96.000000,95.300971,0.999987,58.888889,0.209000,2.595000,48.238000,51.042000
KB1_NhuCauThap,FIFO,-,68,3000,0.600000,low,0,12,99.600000,99.780702,99.567610,0.999999,61.481481,0.000000,1.450000,0.099000,1.549000
KB1_NhuCauThap,Rule-based,-,68,3000,0.600000,low,159,10,94.366667,96.271930,94.025157,0.999861,58.251029,0.486000,2.345000,0.108000,2.939000
KB1_NhuCauThap,TOPSIS,EWM,68,3000,0.600000,low,159,10,94.366667,96.271930,94.025157,0.999861,58.251029,0.132000,1.596000,0.095000,1.823000
KB1_NhuCauThap,Hybrid,EWM,68,3000,0.600000,low,159,2841,94.700000,96.271930,94.418239,0.999906,58.456790,0.190000,1.768000,45.995000,47.953000
KB1_NhuCauThap,TOPSIS,AHP,68,3000,0.600000,low,159,10,94.366667,96.271930,94.025157,0.999861,58.251029,0.543000,2.028000,0.089000,2.660000
KB1_NhuCauThap,Hybrid,AHP,68,3000,0.600000,low,159,2841,94.700000,96.271930,94.418239,0.999906,58.456790,0.113000,1.269000,47.804000,49.186000
KB1_NhuCauThap,FIFO,-,69,3000,0.600000,low,0,1,99.966667,100.000000,99.960723,1.000000,61.707819,0.000000,1.551000,0.101000,1.652000
KB1_NhuCauThap,Rule-based,-,69,3000,0.600000,low,128,1,95.700000,96.035242,95.640220,0.999996,59.074074,0.217000,1.433000,0.096000,1.746000
KB1_NhuCauThap,TOPSIS,EWM,69,3000,0.600000,low,128,1,95.700000,96.035242,95.640220,0.999996,59.074074,0.263000,2.239000,0.096000,2.598000
KB1_NhuCauThap,Hybrid,EWM,69,3000,0.600000,low,128,2872,95.733333,96.035242,95.679497,0.999997,59.094650,0.190000,2.662000,57.531000,60.383000
KB1_NhuCauThap,TOPSIS,AHP,69,3000,0.600000,low,128,1,95.700000,96.035242,95.640220,0.999996,59.074074,0.139000,2.090000,0.196000,2.425000
KB1_NhuCauThap,Hybrid,AHP,69,3000,0.600000,low,128,2872,95.733333,96.035242,95.679497,0.999997,59.094650,0.688000,1.823000,53.109000,55.620000
KB1_NhuCauThap,FIFO,-,70,3000,0.600000,low,0,2,99.933333,99.778761,99.960754,0.999999,61.687243,0.000000,1.554000,0.104000,1.658000
KB1_NhuCauThap,Rule-based,-,70,3000,0.600000,low,137,1,95.400000,96.238938,95.251177,0.999973,58.888889,0.123000,1.379000,0.090000,1.592000
KB1_NhuCauThap,TOPSIS,EWM,70,3000,0.600000,low,137,1,95.400000,96.238938,95.251177,0.999973,58.888889,0.128000,2.717000,0.096000,2.941000
KB1_NhuCauThap,Hybrid,EWM,70,3000,0.600000,low,137,2863,95.433333,96.238938,95.290424,0.999975,58.909465,0.212000,2.385000,47.505000,50.102000
KB1_NhuCauThap,TOPSIS,AHP,70,3000,0.600000,low,137,1,95.400000,96.238938,95.251177,0.999973,58.888889,0.192000,1.571000,0.267000,2.030000
KB1_NhuCauThap,Hybrid,AHP,70,3000,0.600000,low,137,2863,95.433333,96.238938,95.290424,0.999975,58.909465,0.138000,1.426000,50.231000,51.795000
KB1_NhuCauThap,FIFO,-,71,3000,0.600000,low,0,1,99.966667,100.000000,99.960459,1.000000,61.707819,0.000000,1.465000,0.101000,1.566000
KB1_NhuCauThap,Rule-based,-,71,3000,0.600000,low,157,0,94.766667,94.055202,94.899170,0.999980,58.497942,0.142000,1.327000,0.087000,1.556000
KB1_NhuCauThap,TOPSIS,EWM,71,3000,0.600000,low,157,0,94.766667,94.055202,94.899170,0.999980,58.497942,0.148000,1.963000,0.094000,2.205000
KB1_NhuCauThap,Hybrid,EWM,71,3000,0.600000,low,157,2843,94.766667,94.055202,94.899170,0.999980,58.497942,0.199000,2.049000,50.350000,52.598000
KB1_NhuCauThap,TOPSIS,AHP,71,3000,0.600000,low,157,0,94.766667,94.055202,94.899170,0.999980,58.497942,0.132000,1.806000,0.098000,2.036000
KB1_NhuCauThap,Hybrid,AHP,71,3000,0.600000,low,157,2843,94.766667,94.055202,94.899170,0.999980,58.497942,0.575000,2.041000,57.467000,60.083000
KB2_NhuCauBangChiTieu,FIFO,-,42,3000,1.000000,low,0,354,88.200000,88.963964,88.067293,0.999974,91.875000,0.000000,1.591000,0.098000,1.689000
KB2_NhuCauBangChiTieu,Rule-based,-,42,3000,1.000000,low,149,271,86.000000,89.864865,85.328638,0.999330,89.583333,0.200000,1.641000,0.095000,1.936000
KB2_NhuCauBangChiTieu,TOPSIS,EWM,42,3000,1.000000,low,149,271,86.000000,94.594595,84.507042,0.996838,89.583333,0.219000,1.927000,0.164000,2.310000
KB2_NhuCauBangChiTieu,Hybrid,EWM,42,3000,1.000000,low,149,3026,89.200000,94.594595,88.262911,0.998802,92.916667,0.276000,2.025000,46.949000,49.250000
KB2_NhuCauBangChiTieu,TOPSIS,AHP,42,3000,1.000000,low,149,271,86.000000,94.594595,84.507042,0.996838,89.583333,0.203000,1.993000,0.122000,2.318000
KB2_NhuCauBangChiTieu,Hybrid,AHP,42,3000,1.000000,low,149,3025,89.233333,94.594595,88.302034,0.998818,92.951389,0.126000,1.666000,44.981000,46.773000
KB2_NhuCauBangChiTieu,FIFO,-,43,3000,1.000000,low,0,350,88.333333,90.209790,88.020226,0.999849,92.013889,0.000000,1.440000,0.107000,1.547000
KB2_NhuCauBangChiTieu,Rule-based,-,43,3000,1.000000,low,151,264,86.166667,88.344988,85.803189,0.999787,89.756944,0.183000,1.965000,0.099000,2.247000
KB2_NhuCauBangChiTieu,TOPSIS,EWM,43,3000,1.000000,low,151,264,86.166667,93.706294,84.908596,0.997580,89.756944,0.134000,1.597000,0.089000,1.820000
KB2_NhuCauBangChiTieu,Hybrid,EWM,43,3000,1.000000,low,151,3012,89.533333,93.706294,88.837028,0.999289,93.263889,0.439000,2.634000,44.212000,47.285000
KB2_NhuCauBangChiTieu,TOPSIS,AHP,43,3000,1.000000,low,151,264,86.166667,93.706294,84.908596,0.997580,89.756944,0.133000,2.050000,0.165000,2.348000
KB2_NhuCauBangChiTieu,Hybrid,AHP,43,3000,1.000000,low,151,3015,89.433333,93.706294,88.720342,0.999254,93.159722,0.203000,1.446000,45.305000,46.954000
KB2_NhuCauBangChiTieu,FIFO,-,44,3000,1.000000,low,0,354,88.200000,89.914163,87.884767,0.999870,91.875000,0.000000,1.453000,0.099000,1.552000
KB2_NhuCauBangChiTieu,Rule-based,-,44,3000,1.000000,low,142,273,86.166667,90.557940,85.359116,0.999127,89.756944,0.189000,1.446000,0.092000,1.727000
KB2_NhuCauBangChiTieu,TOPSIS,EWM,44,3000,1.000000,low,142,273,86.166667,95.708155,84.411997,0.996082,89.756944,0.384000,1.660000,0.090000,2.134000
KB2_NhuCauBangChiTieu,Hybrid,EWM,44,3000,1.000000,low,142,3036,89.333333,95.708155,88.161010,0.998318,93.055556,0.111000,1.995000,47.706000,49.812000
KB2_NhuCauBangChiTieu,TOPSIS,AHP,44,3000,1.000000,low,142,273,86.166667,95.708155,84.411997,0.996082,89.756944,0.149000,1.835000,0.097000,2.081000
KB2_NhuCauBangChiTieu,Hybrid,AHP,44,3000,1.000000,low,142,3038,89.266667,95.708155,88.082084,0.998281,92.986111,0.134000,1.748000,44.866000,46.748000
KB2_NhuCauBangChiTieu,FIFO,-,45,3000,1.000000,low,0,362,87.933333,86.373626,88.212181,0.999889,91.597222,0.000000,1.586000,0.102000,1.688000
KB2_NhuCauBangChiTieu,Rule-based,-,45,3000,1.000000,low,150,277,85.766667,89.670330,85.068762,0.999307,89.340278,0.738000,2.396000,0.190000,3.324000
KB2_NhuCauBangChiTieu,TOPSIS,EWM,45,3000,1.000000,low,150,277,85.766667,95.604396,84.007859,0.995849,89.340278,0.224000,2.045000,0.128000,2.397000
KB2_NhuCauBangChiTieu,Hybrid,EWM,45,3000,1.000000,low,150,3023,89.233333,95.604396,88.094303,0.998331,92.951389,0.240000,3.248000,45.637000,49.125000
KB2_NhuCauBangChiTieu,TOPSIS,AHP,45,3000,1.000000,low,150,277,85.766667,95.604396,84.007859,0.995849,89.340278,0.144000,1.754000,0.109000,2.007000
KB2_NhuCauBangChiTieu,Hybrid,AHP,45,3000,1.000000,low,150,3024,89.200000,95.604396,88.055010,0.998313,92.916667,0.143000,2.023000,49.796000,51.962000
KB2_NhuCauBangChiTieu,FIFO,-,46,3000,1.000000,low,0,355,88.166667,87.610619,88.265306,0.999986,91.840278,0.000000,2.529000,0.125000,2.654000
KB2_NhuCauBangChiTieu,Rule-based,-,46,3000,1.000000,low,150,276,85.800000,89.159292,85.204082,0.999486,89.375000,0.148000,1.533000,0.101000,1.782000
KB2_NhuCauBangChiTieu,TOPSIS,EWM,46,3000,1.000000,low,150,276,85.800000,95.132743,84.144427,0.996257,89.375000,0.150000,2.318000,0.101000,2.569000
KB2_NhuCauBangChiTieu,Hybrid,EWM,46,3000,1.000000,low,150,3035,88.833333,95.132743,87.715856,0.998357,92.534722,0.123000,2.044000,45.653000,47.820000
KB2_NhuCauBangChiTieu,TOPSIS,AHP,46,3000,1.000000,low,150,276,85.800000,95.132743,84.144427,0.996257,89.375000,0.134000,1.452000,0.379000,1.965000
KB2_NhuCauBangChiTieu,Hybrid,AHP,46,3000,1.000000,low,150,3036,88.800000,95.132743,87.676609,0.998339,92.500000,0.186000,1.998000,49.601000,51.785000
KB2_NhuCauBangChiTieu,FIFO,-,47,3000,1.000000,low,0,347,88.433333,88.671024,88.390397,0.999997,92.118056,0.000000,1.471000,0.098000,1.569000
KB2_NhuCauBangChiTieu,Rule-based,-,47,3000,1.000000,low,137,285,85.933333,88.235294,85.517513,0.999755,89.513889,0.176000,1.412000,0.087000,1.675000
KB2_NhuCauBangChiTieu,TOPSIS,EWM,47,3000,1.000000,low,137,285,85.933333,93.681917,84.533648,0.997372,89.513889,0.431000,1.495000,0.095000,2.021000
KB2_NhuCauBangChiTieu,Hybrid,EWM,47,3000,1.000000,low,137,3045,89.366667,93.681917,88.587170,0.999219,93.090278,0.198000,2.510000,44.889000,47.597000
KB2_NhuCauBangChiTieu,TOPSIS,AHP,47,3000,1.000000,low,137,285,85.933333,93.681917,84.533648,0.997372,89.513889,0.215000,1.347000,0.259000,1.821000
KB2_NhuCauBangChiTieu,Hybrid,AHP,47,3000,1.000000,low,137,3052,89.133333,93.681917,88.311688,0.999130,92.847222,0.159000,1.420000,42.720000,44.299000
KB2_NhuCauBangChiTieu,FIFO,-,48,3000,1.000000,low,0,355,88.166667,91.266376,87.608183,0.999582,91.840278,0.000000,1.321000,0.094000,1.415000
KB2_NhuCauBangChiTieu,Rule-based,-,48,3000,1.000000,low,139,277,86.133333,90.393013,85.365854,0.999183,89.722222,0.136000,1.339000,0.084000,1.559000
KB2_NhuCauBangChiTieu,TOPSIS,EWM,48,3000,1.000000,low,139,277,86.133333,95.633188,84.421715,0.996138,89.722222,0.192000,2.002000,0.094000,2.288000
KB2_NhuCauBangChiTieu,Hybrid,EWM,48,3000,1.000000,low,139,3019,90.100000,95.633188,89.103068,0.998752,93.854167,0.181000,2.212000,42.861000,45.254000
KB2_NhuCauBangChiTieu,TOPSIS,AHP,48,3000,1.000000,low,139,277,86.133333,95.633188,84.421715,0.996138,89.722222,0.469000,1.789000,0.174000,2.432000
KB2_NhuCauBangChiTieu,Hybrid,AHP,48,3000,1.000000,low,139,3020,90.066667,95.633188,89.063729,0.998736,93.819444,0.281000,1.549000,43.255000,45.085000
KB2_NhuCauBangChiTieu,FIFO,-,49,3000,1.000000,low,0,382,87.266667,87.004405,87.313433,0.999997,90.902778,0.000000,1.395000,0.125000,1.520000
KB2_NhuCauBangChiTieu,Rule-based,-,49,3000,1.000000,low,150,293,85.233333,86.784141,84.956795,0.999887,88.784722,0.547000,1.691000,0.087000,2.325000
KB2_NhuCauBangChiTieu,TOPSIS,EWM,49,3000,1.000000,low,150,293,85.233333,93.612335,83.739199,0.996910,88.784722,0.133000,1.444000,0.088000,1.665000
KB2_NhuCauBangChiTieu,Hybrid,EWM,49,3000,1.000000,low,150,3027,89.100000,93.612335,88.295365,0.999146,92.812500,0.525000,1.557000,45.756000,47.838000
KB2_NhuCauBangChiTieu,TOPSIS,AHP,49,3000,1.000000,low,150,293,85.233333,93.612335,83.739199,0.996910,88.784722,0.178000,1.976000,0.247000,2.401000
KB2_NhuCauBangChiTieu,Hybrid,AHP,49,3000,1.000000,low,150,3024,89.200000,93.612335,88.413197,0.999185,92.916667,0.118000,1.485000,44.075000,45.678000
KB2_NhuCauBangChiTieu,FIFO,-,50,3000,1.000000,low,0,308,89.733333,88.221709,89.988313,0.999902,93.472222,0.000000,1.508000,0.098000,1.606000
KB2_NhuCauBangChiTieu,Rule-based,-,50,3000,1.000000,low,158,233,86.966667,87.759815,86.832879,0.999972,90.590278,0.189000,1.461000,0.088000,1.738000
KB2_NhuCauBangChiTieu,TOPSIS,EWM,50,3000,1.000000,low,158,233,86.966667,93.995381,85.781067,0.997917,90.590278,0.202000,1.688000,0.184000,2.074000
KB2_NhuCauBangChiTieu,Hybrid,EWM,50,3000,1.000000,low,158,2989,89.833333,93.995381,89.131282,0.999295,93.576389,0.295000,2.435000,43.894000,46.624000
KB2_NhuCauBangChiTieu,TOPSIS,AHP,50,3000,1.000000,low,158,233,86.966667,93.995381,85.781067,0.997917,90.590278,0.126000,1.622000,0.176000,1.924000
KB2_NhuCauBangChiTieu,Hybrid,AHP,50,3000,1.000000,low,158,2986,89.933333,93.995381,89.248150,0.999329,93.680556,0.198000,1.527000,41.689000,43.414000
KB2_NhuCauBangChiTieu,FIFO,-,51,3000,1.000000,low,0,366,87.800000,88.621444,87.652379,0.999970,91.458333,0.000000,1.401000,0.089000,1.490000
KB2_NhuCauBangChiTieu,Rule-based,-,51,3000,1.000000,low,122,293,86.166667,89.496718,85.568227,0.999497,89.756944,0.179000,1.348000,0.084000,1.611000
KB2_NhuCauBangChiTieu,TOPSIS,EWM,51,3000,1.000000,low,122,293,86.166667,96.061269,84.388517,0.995833,89.756944,0.222000,1.656000,0.096000,1.974000
KB2_NhuCauBangChiTieu,Hybrid,EWM,51,3000,1.000000,low,122,3057,89.966667,96.061269,88.871412,0.998491,93.715278,0.202000,1.745000,41.161000,43.108000
KB2_NhuCauBangChiTieu,TOPSIS,AHP,51,3000,1.000000,low,122,293,86.166667,96.061269,84.388517,0.995833,89.756944,0.195000,1.709000,0.086000,1.990000
KB2_NhuCauBangChiTieu,Hybrid,AHP,51,3000,1.000000,low,122,3055,90.033333,96.061269,88.950059,0.998525,93.784722,0.388000,2.417000,41.856000,44.661000
KB2_NhuCauBangChiTieu,FIFO,-,52,3000,1.000000,low,0,376,87.466667,85.219400,87.845734,0.999770,91.111111,0.000000,1.316000,0.084000,1.400000
KB2_NhuCauBangChiTieu,Rule-based,-,52,3000,1.000000,low,145,285,85.666667,87.759815,85.313596,0.999800,89.236111,0.119000,1.326000,0.085000,1.530000
KB2_NhuCauBangChiTieu,TOPSIS,EWM,52,3000,1.000000,low,145,285,85.666667,95.381062,84.028048,0.996012,89.236111,0.137000,2.098000,0.089000,2.324000
KB2_NhuCauBangChiTieu,Hybrid,EWM,52,3000,1.000000,low,145,3005,90.166667,95.381062,89.287106,0.998912,93.923611,0.118000,2.975000,43.238000,46.331000
KB2_NhuCauBangChiTieu,TOPSIS,AHP,52,3000,1.000000,low,145,285,85.666667,95.381062,84.028048,0.996012,89.236111,0.117000,2.149000,0.176000,2.442000
KB2_NhuCauBangChiTieu,Hybrid,AHP,52,3000,1.000000,low,145,3012,89.933333,95.381062,89.014414,0.998809,93.680556,0.189000,1.391000,44.472000,46.052000
KB2_NhuCauBangChiTieu,FIFO,-,53,3000,1.000000,low,0,361,87.966667,89.732143,87.656740,0.999863,91.631944,0.000000,1.402000,0.091000,1.493000
KB2_NhuCauBangChiTieu,Rule-based,-,53,3000,1.000000,low,163,264,85.766667,86.383929,85.658307,0.999982,89.340278,0.167000,1.313000,0.088000,1.568000
KB2_NhuCauBangChiTieu,TOPSIS,EWM,53,3000,1.000000,low,163,264,85.766667,92.187500,84.639498,0.998181,89.340278,0.523000,1.748000,0.084000,2.355000
KB2_NhuCauBangChiTieu,Hybrid,EWM,53,3000,1.000000,low,163,2992,89.400000,92.187500,88.910658,0.999673,93.125000,0.117000,1.698000,42.207000,44.022000
KB2_NhuCauBangChiTieu,TOPSIS,AHP,53,3000,1.000000,low,163,264,85.766667,92.187500,84.639498,0.998181,89.340278,0.194000,1.274000,0.315000,1.783000
KB2_NhuCauBangChiTieu,Hybrid,AHP,53,3000,1.000000,low,163,2993,89.366667,92.187500,88.871473,0.999665,93.090278,0.167000,1.561000,42.450000,44.178000
KB2_NhuCauBangChiTieu,FIFO,-,54,3000,1.000000,low,0,372,87.600000,86.588235,87.766990,0.999954,91.250000,0.000000,1.349000,0.097000,1.446000
KB2_NhuCauBangChiTieu,Rule-based,-,54,3000,1.000000,low,122,301,85.900000,88.235294,85.514563,0.999755,89.479167,0.127000,1.311000,0.089000,1.527000
KB2_NhuCauBangChiTieu,TOPSIS,EWM,54,3000,1.000000,low,122,301,85.900000,96.470588,84.155340,0.995373,89.479167,0.174000,2.081000,0.100000,2.355000
KB2_NhuCauBangChiTieu,Hybrid,EWM,54,3000,1.000000,low,122,3069,89.566667,96.470588,88.427184,0.998111,93.298611,0.188000,1.456000,45.381000,47.025000
KB2_NhuCauBangChiTieu,TOPSIS,AHP,54,3000,1.000000,low,122,301,85.900000,96.470588,84.155340,0.995373,89.479167,0.147000,1.597000,0.105000,1.849000
KB2_NhuCauBangChiTieu,Hybrid,AHP,54,3000,1.000000,low,122,3066,89.666667,96.470588,88.543689,0.998168,93.402778,0.203000,1.563000,42.527000,44.293000
KB2_NhuCauBangChiTieu,FIFO,-,55,3000,1.000000,low,0,344,88.533333,90.094340,88.276398,0.999896,92.222222,0.000000,1.487000,0.101000,1.588000
KB2_NhuCauBangChiTieu,Rule-based,-,55,3000,1.000000,low,162,255,86.100000,90.094340,85.442547,0.999298,89.687500,0.112000,1.627000,0.082000,1.821000
KB2_NhuCauBangChiTieu,TOPSIS,EWM,55,3000,1.000000,low,162,255,86.100000,93.632075,84.860248,0.997591,89.687500,0.113000,2.364000,0.128000,2.605000
KB2_NhuCauBangChiTieu,Hybrid,EWM,55,3000,1.000000,low,162,2985,89.700000,93.632075,89.052795,0.999372,93.437500,0.119000,1.635000,47.207000,48.961000
KB2_NhuCauBangChiTieu,TOPSIS,AHP,55,3000,1.000000,low,162,255,86.100000,93.632075,84.860248,0.997591,89.687500,0.197000,1.649000,0.102000,1.948000
KB2_NhuCauBangChiTieu,Hybrid,AHP,55,3000,1.000000,low,162,2983,89.766667,93.632075,89.130435,0.999394,93.506944,0.133000,1.720000,45.455000,47.308000
KB2_NhuCauBangChiTieu,FIFO,-,56,3000,1.000000,low,0,354,88.200000,89.521640,87.973448,0.999924,91.875000,0.000000,1.624000,0.112000,1.736000
KB2_NhuCauBangChiTieu,Rule-based,-,56,3000,1.000000,low,147,273,86.000000,90.660592,85.201093,0.999037,89.583333,0.147000,1.517000,0.094000,1.758000
KB2_NhuCauBangChiTieu,TOPSIS,EWM,56,3000,1.000000,low,147,273,86.000000,95.671982,84.342054,0.996054,89.583333,0.141000,1.731000,0.227000,2.099000
KB2_NhuCauBangChiTieu,Hybrid,EWM,56,3000,1.000000,low,147,3010,89.866667,95.671982,88.871535,0.998644,93.611111,0.256000,2.624000,48.753000,51.633000
KB2_NhuCauBangChiTieu,TOPSIS,AHP,56,3000,1.000000,low,147,273,86.000000,95.671982,84.342054,0.996054,89.583333,0.149000,1.627000,0.120000,1.896000
KB2_NhuCauBangChiTieu,Hybrid,AHP,56,3000,1.000000,low,147,3006,90.000000,95.671982,89.027724,0.998708,93.750000,0.138000,1.461000,46.028000,47.627000
KB2_NhuCauBangChiTieu,FIFO,-,57,3000,1.000000,low,0,369,87.700000,89.308176,87.395957,0.999883,91.354167,0.000000,1.506000,0.095000,1.601000
KB2_NhuCauBangChiTieu,Rule-based,-,57,3000,1.000000,low,139,295,85.533333,88.888889,84.898930,0.999473,89.097222,0.180000,1.429000,0.103000,1.712000
KB2_NhuCauBangChiTieu,TOPSIS,EWM,57,3000,1.000000,low,139,295,85.533333,95.597484,83.630598,0.995562,89.097222,0.339000,1.845000,0.235000,2.419000
KB2_NhuCauBangChiTieu,Hybrid,EWM,57,3000,1.000000,low,139,3043,89.300000,95.597484,88.109394,0.998341,93.020833,0.314000,1.881000,40.423000,42.618000
KB2_NhuCauBangChiTieu,TOPSIS,AHP,57,3000,1.000000,low,139,295,85.533333,95.597484,83.630598,0.995562,89.097222,0.175000,1.950000,0.091000,2.216000
KB2_NhuCauBangChiTieu,Hybrid,AHP,57,3000,1.000000,low,139,3041,89.366667,95.597484,88.188664,0.998378,93.090278,0.117000,1.771000,41.036000,42.924000
KB2_NhuCauBangChiTieu,FIFO,-,58,3000,1.000000,low,0,364,87.866667,88.248337,87.799137,0.999993,91.527778,0.000000,1.450000,0.086000,1.536000
KB2_NhuCauBangChiTieu,Rule-based,-,58,3000,1.000000,low,144,278,85.933333,88.248337,85.523735,0.999754,89.513889,0.168000,1.968000,0.088000,2.224000
KB2_NhuCauBangChiTieu,TOPSIS,EWM,58,3000,1.000000,low,144,278,85.933333,94.900222,84.346803,0.996546,89.513889,0.112000,1.740000,0.109000,1.961000
KB2_NhuCauBangChiTieu,Hybrid,EWM,58,3000,1.000000,low,144,3024,89.600000,94.900222,88.662220,0.998846,93.333333,0.485000,1.839000,42.024000,44.348000
KB2_NhuCauBangChiTieu,TOPSIS,AHP,58,3000,1.000000,low,144,278,85.933333,94.900222,84.346803,0.996546,89.513889,0.174000,1.687000,0.235000,2.096000
KB2_NhuCauBangChiTieu,Hybrid,AHP,58,3000,1.000000,low,144,3021,89.700000,94.900222,88.779914,0.998891,93.437500,0.181000,1.361000,41.437000,42.979000
KB2_NhuCauBangChiTieu,FIFO,-,59,3000,1.000000,low,0,332,88.933333,87.378641,89.180835,0.999896,92.638889,0.000000,1.434000,0.098000,1.532000
KB2_NhuCauBangChiTieu,Rule-based,-,59,3000,1.000000,low,139,254,86.900000,90.291262,86.360124,0.999505,90.520833,0.183000,1.333000,0.285000,1.801000
KB2_NhuCauBangChiTieu,TOPSIS,EWM,59,3000,1.000000,low,139,254,86.900000,95.631068,85.510046,0.996888,90.520833,0.112000,1.954000,0.091000,2.157000
KB2_NhuCauBangChiTieu,Hybrid,EWM,59,3000,1.000000,low,139,3032,89.666667,95.631068,88.717156,0.998595,93.402778,0.505000,1.836000,41.353000,43.694000
KB2_NhuCauBangChiTieu,TOPSIS,AHP,59,3000,1.000000,low,139,254,86.900000,95.631068,85.510046,0.996888,90.520833,0.384000,1.278000,0.090000,1.752000
KB2_NhuCauBangChiTieu,Hybrid,AHP,59,3000,1.000000,low,139,3031,89.700000,95.631068,88.755796,0.998612,93.437500,0.107000,1.922000,46.036000,48.065000
KB2_NhuCauBangChiTieu,FIFO,-,60,3000,1.000000,low,0,345,88.500000,85.446985,89.082969,0.999566,92.187500,0.000000,1.358000,0.110000,1.468000
KB2_NhuCauBangChiTieu,Rule-based,-,60,3000,1.000000,low,163,250,86.233333,89.812890,85.549821,0.999409,89.826389,0.581000,1.615000,0.083000,2.279000
KB2_NhuCauBangChiTieu,TOPSIS,EWM,60,3000,1.000000,low,163,250,86.233333,94.178794,84.716157,0.997210,89.826389,0.138000,2.301000,0.166000,2.605000
KB2_NhuCauBangChiTieu,Hybrid,EWM,60,3000,1.000000,low,163,3004,89.000000,94.178794,88.011116,0.998855,92.708333,0.539000,2.674000,42.377000,45.590000
KB2_NhuCauBangChiTieu,TOPSIS,AHP,60,3000,1.000000,low,163,250,86.233333,94.178794,84.716157,0.997210,89.826389,0.554000,1.507000,0.085000,2.146000
KB2_NhuCauBangChiTieu,Hybrid,AHP,60,3000,1.000000,low,163,3007,88.900000,94.178794,87.892021,0.998809,92.604167,0.111000,1.644000,40.855000,42.610000
KB2_NhuCauBangChiTieu,FIFO,-,61,3000,1.000000,low,0,346,88.466667,88.750000,88.412698,0.999996,92.152778,0.000000,1.336000,0.089000,1.425000
KB2_NhuCauBangChiTieu,Rule-based,-,61,3000,1.000000,low,148,268,86.133333,89.583333,85.476190,0.999450,89.722222,0.354000,1.642000,0.090000,2.086000
KB2_NhuCauBangChiTieu,TOPSIS,EWM,61,3000,1.000000,low,148,268,86.133333,96.458333,84.166667,0.995390,89.722222,0.138000,1.757000,0.434000,2.329000
KB2_NhuCauBangChiTieu,Hybrid,EWM,61,3000,1.000000,low,148,3024,89.333333,96.458333,87.976190,0.997889,93.055556,0.219000,1.646000,43.218000,45.083000
KB2_NhuCauBangChiTieu,TOPSIS,AHP,61,3000,1.000000,low,148,268,86.133333,96.458333,84.166667,0.995390,89.722222,0.143000,1.678000,0.200000,2.021000
KB2_NhuCauBangChiTieu,Hybrid,AHP,61,3000,1.000000,low,148,3021,89.433333,96.458333,88.095238,0.997951,93.159722,0.130000,1.767000,46.115000,48.012000
KB2_NhuCauBangChiTieu,FIFO,-,62,3000,1.000000,low,0,357,88.100000,87.414188,88.216933,0.999979,91.770833,0.000000,1.422000,0.093000,1.515000
KB2_NhuCauBangChiTieu,Rule-based,-,62,3000,1.000000,low,170,265,85.500000,88.558352,84.978541,0.999575,89.062500,0.183000,2.082000,0.098000,2.363000
KB2_NhuCauBangChiTieu,TOPSIS,EWM,62,3000,1.000000,low,170,265,85.500000,93.592677,84.120172,0.997167,89.062500,0.125000,1.557000,0.089000,1.771000
KB2_NhuCauBangChiTieu,Hybrid,EWM,62,3000,1.000000,low,170,2994,88.866667,93.592677,88.060866,0.999074,92.569444,0.306000,1.625000,40.668000,42.599000
KB2_NhuCauBangChiTieu,TOPSIS,AHP,62,3000,1.000000,low,170,265,85.500000,93.592677,84.120172,0.997167,89.062500,0.524000,1.382000,0.095000,2.001000
KB2_NhuCauBangChiTieu,Hybrid,AHP,62,3000,1.000000,low,170,3003,88.566667,93.592677,87.709715,0.998948,92.256944,0.113000,2.483000,41.449000,44.045000
KB2_NhuCauBangChiTieu,FIFO,-,63,3000,1.000000,low,0,356,88.133333,88.337469,88.101656,0.999998,91.805556,0.000000,1.349000,0.384000,1.733000
KB2_NhuCauBangChiTieu,Rule-based,-,63,3000,1.000000,low,158,271,85.700000,87.096774,85.483250,0.999913,89.270833,0.198000,1.994000,0.106000,2.298000
KB2_NhuCauBangChiTieu,TOPSIS,EWM,63,3000,1.000000,low,158,271,85.700000,93.052109,84.559107,0.997719,89.270833,0.524000,1.615000,0.090000,2.229000
KB2_NhuCauBangChiTieu,Hybrid,EWM,63,3000,1.000000,low,158,3019,88.833333,93.052109,88.178668,0.999277,92.534722,0.620000,2.594000,40.893000,44.107000
KB2_NhuCauBangChiTieu,TOPSIS,AHP,63,3000,1.000000,low,158,271,85.700000,93.052109,84.559107,0.997719,89.270833,0.269000,1.553000,0.165000,1.987000
KB2_NhuCauBangChiTieu,Hybrid,AHP,63,3000,1.000000,low,158,3019,88.833333,93.052109,88.178668,0.999277,92.534722,0.193000,1.577000,44.030000,45.800000
KB2_NhuCauBangChiTieu,FIFO,-,64,3000,1.000000,low,0,361,87.966667,88.957055,87.773795,0.999955,91.631944,0.000000,1.400000,0.098000,1.498000
KB2_NhuCauBangChiTieu,Rule-based,-,64,3000,1.000000,low,153,276,85.700000,88.752556,85.105536,0.999560,89.270833,0.176000,1.340000,0.100000,1.616000
KB2_NhuCauBangChiTieu,TOPSIS,EWM,64,3000,1.000000,low,153,276,85.700000,94.069530,84.070092,0.996859,89.270833,0.348000,1.772000,0.094000,2.214000
KB2_NhuCauBangChiTieu,Hybrid,EWM,64,3000,1.000000,low,153,3009,89.500000,94.069530,88.610115,0.999108,93.229167,0.117000,1.812000,41.387000,43.316000
KB2_NhuCauBangChiTieu,TOPSIS,AHP,64,3000,1.000000,low,153,276,85.700000,94.069530,84.070092,0.996859,89.270833,0.125000,2.158000,0.165000,2.448000
KB2_NhuCauBangChiTieu,Hybrid,AHP,64,3000,1.000000,low,153,3003,89.700000,94.069530,88.849064,0.999186,93.437500,0.239000,1.567000,42.724000,44.530000
KB2_NhuCauBangChiTieu,FIFO,-,65,3000,1.000000,low,0,354,88.200000,88.314607,88.180039,0.999999,91.875000,0.000000,2.078000,0.144000,2.222000
KB2_NhuCauBangChiTieu,Rule-based,-,65,3000,1.000000,low,160,254,86.200000,88.314607,85.831703,0.999797,89.791667,0.143000,1.373000,0.096000,1.612000
KB2_NhuCauBangChiTieu,TOPSIS,EWM,65,3000,1.000000,low,160,254,86.200000,96.629213,84.383562,0.995444,89.791667,0.184000,1.979000,0.183000,2.346000
KB2_NhuCauBangChiTieu,Hybrid,EWM,65,3000,1.000000,low,160,3003,89.233333,96.629213,87.945205,0.997791,92.951389,0.287000,1.634000,43.551000,45.472000
KB2_NhuCauBangChiTieu,TOPSIS,AHP,65,3000,1.000000,low,160,254,86.200000,96.629213,84.383562,0.995444,89.791667,0.189000,1.348000,0.086000,1.623000
KB2_NhuCauBangChiTieu,Hybrid,AHP,65,3000,1.000000,low,160,3006,89.133333,96.629213,87.827789,0.997728,92.847222,0.142000,1.957000,42.954000,45.053000
KB2_NhuCauBangChiTieu,FIFO,-,66,3000,1.000000,low,0,357,88.100000,86.411890,88.414393,0.999869,91.770833,0.000000,2.127000,0.097000,2.224000
KB2_NhuCauBangChiTieu,Rule-based,-,66,3000,1.000000,low,143,285,85.733333,88.959660,85.132463,0.999517,89.305556,0.125000,1.313000,0.083000,1.521000
KB2_NhuCauBangChiTieu,TOPSIS,EWM,66,3000,1.000000,low,143,285,85.733333,94.904459,84.025306,0.996317,89.305556,0.409000,2.438000,0.107000,2.954000
KB2_NhuCauBangChiTieu,Hybrid,EWM,66,3000,1.000000,low,143,3014,90.000000,94.904459,89.086595,0.999001,93.750000,0.168000,2.790000,41.749000,44.707000
KB2_NhuCauBangChiTieu,TOPSIS,AHP,66,3000,1.000000,low,143,285,85.733333,94.904459,84.025306,0.996317,89.305556,0.118000,1.456000,0.087000,1.661000
KB2_NhuCauBangChiTieu,Hybrid,AHP,66,3000,1.000000,low,143,3015,89.966667,94.904459,89.047054,0.998987,93.715278,0.355000,1.484000,43.197000,45.036000
KB2_NhuCauBangChiTieu,FIFO,-,67,3000,1.000000,low,0,371,87.633333,89.044289,87.397900,0.999913,91.284722,0.000000,2.015000,0.092000,2.107000
KB2_NhuCauBangChiTieu,Rule-based,-,67,3000,1.000000,low,135,292,85.766667,90.209790,85.025282,0.999125,89.340278,0.131000,1.341000,0.080000,1.552000
KB2_NhuCauBangChiTieu,TOPSIS,EWM,67,3000,1.000000,low,135,292,85.766667,96.037296,84.052898,0.995591,89.340278,0.144000,1.971000,0.164000,2.279000
KB2_NhuCauBangChiTieu,Hybrid,EWM,67,3000,1.000000,low,135,3044,89.533333,96.037296,88.448075,0.998311,93.263889,0.276000,1.843000,40.649000,42.768000
KB2_NhuCauBangChiTieu,TOPSIS,AHP,67,3000,1.000000,low,135,292,85.766667,96.037296,84.052898,0.995591,89.340278,0.122000,1.377000,0.082000,1.581000
KB2_NhuCauBangChiTieu,Hybrid,AHP,67,3000,1.000000,low,135,3042,89.600000,96.037296,88.525865,0.998346,93.333333,0.345000,1.553000,40.420000,42.318000
KB2_NhuCauBangChiTieu,FIFO,-,68,3000,1.000000,low,0,356,88.133333,89.692982,87.853774,0.999893,91.805556,0.000000,1.337000,0.100000,1.437000
KB2_NhuCauBangChiTieu,Rule-based,-,68,3000,1.000000,low,157,266,85.900000,91.008772,84.984277,0.998830,89.479167,0.172000,1.872000,0.083000,2.127000
KB2_NhuCauBangChiTieu,TOPSIS,EWM,68,3000,1.000000,low,157,266,85.900000,96.052632,84.080189,0.995602,89.479167,0.136000,1.646000,0.093000,1.875000
KB2_NhuCauBangChiTieu,Hybrid,EWM,68,3000,1.000000,low,157,3013,89.100000,96.052632,87.853774,0.998016,92.812500,0.276000,1.998000,41.450000,43.724000
KB2_NhuCauBangChiTieu,TOPSIS,AHP,68,3000,1.000000,low,157,266,85.900000,96.052632,84.080189,0.995602,89.479167,0.173000,1.602000,0.092000,1.867000
KB2_NhuCauBangChiTieu,Hybrid,AHP,68,3000,1.000000,low,157,3016,89.000000,96.052632,87.735849,0.997956,92.708333,0.109000,1.255000,40.611000,41.975000
KB2_NhuCauBangChiTieu,FIFO,-,69,3000,1.000000,low,0,361,87.966667,87.472527,88.055010,0.999989,91.631944,0.000000,1.420000,0.098000,1.518000
KB2_NhuCauBangChiTieu,Rule-based,-,69,3000,1.000000,low,132,284,86.133333,89.890110,85.461690,0.999363,89.722222,0.536000,1.395000,0.092000,2.023000
KB2_NhuCauBangChiTieu,TOPSIS,EWM,69,3000,1.000000,low,132,284,86.133333,95.824176,84.400786,0.995999,89.722222,0.113000,1.755000,0.110000,1.978000
KB2_NhuCauBangChiTieu,Hybrid,EWM,69,3000,1.000000,low,132,3054,89.400000,95.824176,88.251473,0.998310,93.125000,0.771000,1.600000,49.696000,52.067000
KB2_NhuCauBangChiTieu,TOPSIS,AHP,69,3000,1.000000,low,132,284,86.133333,95.824176,84.400786,0.995999,89.722222,0.192000,1.507000,0.423000,2.122000
KB2_NhuCauBangChiTieu,Hybrid,AHP,69,3000,1.000000,low,132,3050,89.533333,95.824176,88.408644,0.998382,93.263889,0.235000,1.752000,50.191000,52.178000
KB2_NhuCauBangChiTieu,FIFO,-,70,3000,1.000000,low,0,350,88.333333,87.583149,88.466065,0.999975,92.013889,0.000000,1.420000,0.095000,1.515000
KB2_NhuCauBangChiTieu,Rule-based,-,70,3000,1.000000,low,136,272,86.400000,88.248337,86.072970,0.999844,90.000000,0.126000,1.304000,0.087000,1.517000
KB2_NhuCauBangChiTieu,TOPSIS,EWM,70,3000,1.000000,low,136,272,86.400000,96.008869,84.699882,0.996099,90.000000,0.119000,2.180000,0.173000,2.472000
KB2_NhuCauBangChiTieu,Hybrid,EWM,70,3000,1.000000,low,136,3026,90.066667,96.008869,89.015300,0.998573,93.819444,0.207000,2.384000,44.792000,47.383000
KB2_NhuCauBangChiTieu,TOPSIS,AHP,70,3000,1.000000,low,136,272,86.400000,96.008869,84.699882,0.996099,90.000000,0.199000,1.513000,0.102000,1.814000
KB2_NhuCauBangChiTieu,Hybrid,AHP,70,3000,1.000000,low,136,3028,90.000000,96.008869,88.936838,0.998540,93.750000,0.123000,2.094000,45.585000,47.802000
KB2_NhuCauBangChiTieu,FIFO,-,71,3000,1.000000,low,0,338,88.733333,86.808511,89.090909,0.999832,92.430556,0.000000,1.439000,0.090000,1.529000
KB2_NhuCauBangChiTieu,Rule-based,-,71,3000,1.000000,low,159,253,86.266667,89.787234,85.612648,0.999434,89.861111,0.501000,1.630000,0.088000,2.219000
KB2_NhuCauBangChiTieu,TOPSIS,EWM,71,3000,1.000000,low,159,253,86.266667,94.042553,84.822134,0.997350,89.861111,0.151000,1.701000,0.100000,1.952000
KB2_NhuCauBangChiTieu,Hybrid,EWM,71,3000,1.000000,low,159,2992,89.666667,94.042553,88.853755,0.999196,93.402778,0.477000,2.167000,43.660000,46.304000
KB2_NhuCauBangChiTieu,TOPSIS,AHP,71,3000,1.000000,low,159,253,86.266667,94.042553,84.822134,0.997350,89.861111,0.395000,1.755000,0.105000,2.255000
KB2_NhuCauBangChiTieu,Hybrid,AHP,71,3000,1.000000,low,159,2996,89.533333,94.042553,88.695652,0.999145,93.263889,0.127000,2.378000,45.243000,47.748000
KB3_QuaTaiVua,FIFO,-,42,5000,1.750000,low,0,2300,54.000000,54.510309,53.906250,0.999969,100.000000,0.000000,3.300000,0.153000,3.453000
KB3_QuaTaiVua,Rule-based,-,42,5000,1.750000,low,234,2066,54.000000,60.180412,52.864583,0.995829,100.000000,0.314000,3.354000,0.127000,3.795000
KB3_QuaTaiVua,TOPSIS,EWM,42,5000,1.750000,low,234,2066,54.000000,95.103093,46.448864,0.894340,100.000000,0.203000,4.522000,0.170000,4.895000
KB3_QuaTaiVua,Hybrid,EWM,42,5000,1.750000,low,234,6832,54.000000,95.103093,46.448864,0.894340,100.000000,0.538000,2.693000,48.868000,52.099000
KB3_QuaTaiVua,TOPSIS,AHP,42,5000,1.750000,low,234,2066,54.000000,95.103093,46.448864,0.894340,100.000000,0.652000,2.419000,0.168000,3.239000
KB3_QuaTaiVua,Hybrid,AHP,42,5000,1.750000,low,234,6832,54.000000,95.103093,46.448864,0.894340,100.000000,0.754000,2.589000,45.929000,49.272000
KB3_QuaTaiVua,FIFO,-,43,5000,1.750000,low,0,2304,53.920000,55.804196,53.605601,0.999596,99.851852,0.000000,2.701000,0.148000,2.849000
KB3_QuaTaiVua,Rule-based,-,43,5000,1.750000,low,238,2067,53.900000,61.118881,52.695449,0.994552,99.814815,0.806000,2.482000,0.136000,3.424000
KB3_QuaTaiVua,TOPSIS,EWM,43,5000,1.750000,low,238,2067,53.900000,94.965035,47.047841,0.897788,99.814815,0.209000,3.005000,0.128000,3.342000
KB3_QuaTaiVua,Hybrid,EWM,43,5000,1.750000,low,238,6824,54.000000,94.965035,47.164527,0.898385,100.000000,0.579000,2.762000,53.195000,56.536000
KB3_QuaTaiVua,TOPSIS,AHP,43,5000,1.750000,low,238,2067,53.900000,94.965035,47.047841,0.897788,99.814815,0.234000,2.505000,0.410000,3.149000
KB3_QuaTaiVua,Hybrid,AHP,43,5000,1.750000,low,238,6824,54.000000,94.965035,47.164527,0.898385,100.000000,0.217000,2.597000,50.747000,53.561000
KB3_QuaTaiVua,FIFO,-,44,5000,1.750000,low,0,2300,54.000000,53.526448,54.089396,0.999973,100.000000,0.000000,3.204000,0.160000,3.364000
KB3_QuaTaiVua,Rule-based,-,44,5000,1.750000,low,241,2059,54.000000,62.468514,52.401331,0.992378,100.000000,0.332000,4.638000,0.251000,5.221000
KB3_QuaTaiVua,TOPSIS,EWM,44,5000,1.750000,low,241,2059,54.000000,95.969773,46.077033,0.890178,100.000000,0.230000,3.385000,0.154000,3.769000
KB3_QuaTaiVua,Hybrid,EWM,44,5000,1.750000,low,241,6818,54.000000,95.969773,46.077033,0.890178,100.000000,0.627000,4.259000,53.627000,58.513000
KB3_QuaTaiVua,TOPSIS,AHP,44,5000,1.750000,low,241,2059,54.000000,95.969773,46.077033,0.890178,100.000000,0.252000,3.217000,0.237000,3.706000
KB3_QuaTaiVua,Hybrid,AHP,44,5000,1.750000,low,241,6818,54.000000,95.969773,46.077033,0.890178,100.000000,0.835000,3.291000,46.839000,50.965000
KB3_QuaTaiVua,FIFO,-,45,5000,1.750000,low,0,2300,54.000000,54.534005,53.899192,0.999966,100.000000,0.000000,2.515000,0.497000,3.012000
KB3_QuaTaiVua,Rule-based,-,45,5000,1.750000,low,244,2056,54.000000,61.335013,52.615311,0.994178,100.000000,0.211000,2.281000,0.353000,2.845000
KB3_QuaTaiVua,TOPSIS,EWM,45,5000,1.750000,low,244,2056,54.000000,95.717884,46.124584,0.891070,100.000000,0.184000,2.539000,0.597000,3.320000
KB3_QuaTaiVua,Hybrid,EWM,45,5000,1.750000,low,244,6812,54.000000,95.717884,46.124584,0.891070,100.000000,0.331000,3.743000,48.220000,52.294000
KB3_QuaTaiVua,TOPSIS,AHP,45,5000,1.750000,low,244,2056,54.000000,95.717884,46.124584,0.891070,100.000000,0.217000,2.665000,0.146000,3.028000
KB3_QuaTaiVua,Hybrid,AHP,45,5000,1.750000,low,244,6812,54.000000,95.717884,46.124584,0.891070,100.000000,0.636000,2.210000,49.633000,52.479000
KB3_QuaTaiVua,FIFO,-,46,5000,1.750000,low,0,2301,53.980000,53.887399,53.996239,0.999999,99.962963,0.000000,2.519000,0.159000,2.678000
KB3_QuaTaiVua,Rule-based,-,46,5000,1.750000,low,239,2065,53.920000,60.321716,52.797367,0.995595,99.851852,0.453000,4.279000,0.237000,4.969000
KB3_QuaTaiVua,TOPSIS,EWM,46,5000,1.750000,low,239,2065,53.920000,94.369973,46.826516,0.898167,99.851852,0.547000,3.562000,0.145000,4.254000
KB3_QuaTaiVua,Hybrid,EWM,46,5000,1.750000,low,239,6822,54.000000,94.369973,46.920545,0.898649,100.000000,0.299000,4.212000,50.130000,54.641000
KB3_QuaTaiVua,TOPSIS,AHP,46,5000,1.750000,low,239,2065,53.920000,94.369973,46.826516,0.898167,99.851852,0.317000,2.679000,0.138000,3.134000
KB3_QuaTaiVua,Hybrid,AHP,46,5000,1.750000,low,239,6822,54.000000,94.369973,46.920545,0.898649,100.000000,0.208000,2.731000,50.287000,53.226000
KB3_QuaTaiVua,FIFO,-,47,5000,1.750000,low,0,2300,54.000000,53.272251,54.131256,0.999936,100.000000,0.000000,2.636000,0.190000,2.826000
KB3_QuaTaiVua,Rule-based,-,47,5000,1.750000,low,254,2048,53.960000,60.078534,52.856468,0.995927,99.925926,0.328000,2.409000,0.164000,2.901000
KB3_QuaTaiVua,TOPSIS,EWM,47,5000,1.750000,low,254,2048,53.960000,94.764398,46.600567,0.895993,99.925926,0.305000,2.444000,0.139000,2.888000
KB3_QuaTaiVua,Hybrid,EWM,47,5000,1.750000,low,254,6792,54.000000,94.764398,46.647781,0.896238,100.000000,0.312000,3.921000,47.072000,51.305000
KB3_QuaTaiVua,TOPSIS,AHP,47,5000,1.750000,low,254,2048,53.960000,94.764398,46.600567,0.895993,99.925926,0.674000,3.067000,0.225000,3.966000
KB3_QuaTaiVua,Hybrid,AHP,47,5000,1.750000,low,254,6792,54.000000,94.764398,46.647781,0.896238,100.000000,0.311000,3.398000,47.217000,50.926000
KB3_QuaTaiVua,FIFO,-,48,5000,1.750000,low,0,2302,53.960000,52.538071,54.226021,0.999750,99.925926,0.000000,2.665000,0.192000,2.857000
KB3_QuaTaiVua,Rule-based,-,48,5000,1.750000,low,249,2053,53.960000,62.309645,52.397911,0.992589,99.925926,0.581000,3.442000,0.127000,4.150000
KB3_QuaTaiVua,TOPSIS,EWM,48,5000,1.750000,low,249,2053,53.960000,96.192893,46.058879,0.889515,99.925926,0.303000,3.453000,0.137000,3.893000
KB3_QuaTaiVua,Hybrid,EWM,48,5000,1.750000,low,249,6802,54.000000,96.192893,46.106363,0.889767,100.000000,0.194000,4.290000,47.575000,52.059000
KB3_QuaTaiVua,TOPSIS,AHP,48,5000,1.750000,low,249,2053,53.960000,96.192893,46.058879,0.889515,99.925926,0.207000,2.458000,0.134000,2.799000
KB3_QuaTaiVua,Hybrid,AHP,48,5000,1.750000,low,249,6802,54.000000,96.192893,46.106363,0.889767,100.000000,0.491000,2.362000,45.846000,48.699000
KB3_QuaTaiVua,FIFO,-,49,5000,1.750000,low,0,2300,54.000000,52.679739,54.238489,0.999788,100.000000,0.000000,2.396000,0.139000,2.535000
KB3_QuaTaiVua,Rule-based,-,49,5000,1.750000,low,246,2056,53.960000,62.875817,52.349469,0.991723,99.925926,0.354000,2.267000,0.136000,2.757000
KB3_QuaTaiVua,TOPSIS,EWM,49,5000,1.750000,low,246,2056,53.960000,95.424837,46.469894,0.893630,99.925926,0.236000,3.784000,0.265000,4.285000
KB3_QuaTaiVua,Hybrid,EWM,49,5000,1.750000,low,246,6808,54.000000,95.424837,46.517119,0.893877,100.000000,0.239000,3.922000,46.586000,50.747000
KB3_QuaTaiVua,TOPSIS,AHP,49,5000,1.750000,low,246,2056,53.960000,95.424837,46.469894,0.893630,99.925926,0.197000,2.857000,0.125000,3.179000
KB3_QuaTaiVua,Hybrid,AHP,49,5000,1.750000,low,246,6808,54.000000,95.424837,46.517119,0.893877,100.000000,0.205000,2.645000,46.949000,49.799000
KB3_QuaTaiVua,FIFO,-,50,5000,1.750000,low,0,2300,54.000000,57.263752,53.460732,0.998822,100.000000,0.000000,2.562000,0.169000,2.731000
KB3_QuaTaiVua,Rule-based,-,50,5000,1.750000,low,253,2047,54.000000,62.482370,52.598462,0.992677,100.000000,0.308000,2.477000,0.449000,3.234000
KB3_QuaTaiVua,TOPSIS,EWM,50,5000,1.750000,low,253,2047,54.000000,95.486601,47.145188,0.896966,100.000000,0.221000,3.788000,0.609000,4.618000
KB3_QuaTaiVua,Hybrid,EWM,50,5000,1.750000,low,253,6794,54.000000,95.486601,47.145188,0.896966,100.000000,0.274000,2.517000,46.612000,49.403000
KB3_QuaTaiVua,TOPSIS,AHP,50,5000,1.750000,low,253,2047,54.000000,95.486601,47.145188,0.896966,100.000000,0.285000,2.290000,0.507000,3.082000
KB3_QuaTaiVua,Hybrid,AHP,50,5000,1.750000,low,253,6794,54.000000,95.486601,47.145188,0.896966,100.000000,0.349000,3.339000,47.465000,51.153000
KB3_QuaTaiVua,FIFO,-,51,5000,1.750000,low,0,2300,54.000000,55.333333,53.764706,0.999793,100.000000,0.000000,2.515000,0.140000,2.655000
KB3_QuaTaiVua,Rule-based,-,51,5000,1.750000,low,231,2070,53.980000,63.333333,52.329412,0.991030,99.962963,0.664000,2.619000,0.127000,3.410000
KB3_QuaTaiVua,TOPSIS,EWM,51,5000,1.750000,low,231,2070,53.980000,95.733333,46.611765,0.893587,99.962963,0.302000,2.538000,0.170000,3.010000
KB3_QuaTaiVua,Hybrid,EWM,51,5000,1.750000,low,231,6838,54.000000,95.733333,46.635294,0.893709,100.000000,0.466000,2.648000,48.154000,51.268000
KB3_QuaTaiVua,TOPSIS,AHP,51,5000,1.750000,low,231,2070,53.980000,95.733333,46.611765,0.893587,99.962963,0.205000,2.797000,0.143000,3.145000
KB3_QuaTaiVua,Hybrid,AHP,51,5000,1.750000,low,231,6838,54.000000,95.733333,46.635294,0.893709,100.000000,0.460000,3.134000,45.478000,49.072000
KB3_QuaTaiVua,FIFO,-,52,5000,1.750000,low,0,2302,53.960000,52.817824,54.165683,0.999841,99.925926,0.000000,2.574000,0.424000,2.998000
KB3_QuaTaiVua,Rule-based,-,52,5000,1.750000,low,224,2078,53.960000,64.613368,52.041539,0.988519,99.925926,0.201000,2.388000,0.544000,3.133000
KB3_QuaTaiVua,TOPSIS,EWM,52,5000,1.750000,low,224,2078,53.960000,95.412844,46.495162,0.893793,99.925926,0.206000,3.347000,0.219000,3.772000
KB3_QuaTaiVua,Hybrid,EWM,52,5000,1.750000,low,224,6852,54.000000,95.412844,46.542365,0.894039,100.000000,0.389000,4.557000,49.908000,54.854000
KB3_QuaTaiVua,TOPSIS,AHP,52,5000,1.750000,low,224,2078,53.960000,95.412844,46.495162,0.893793,99.925926,0.687000,2.699000,0.152000,3.538000
KB3_QuaTaiVua,Hybrid,AHP,52,5000,1.750000,low,224,6852,54.000000,95.412844,46.542365,0.894039,100.000000,0.548000,3.041000,45.175000,48.764000
KB3_QuaTaiVua,FIFO,-,53,5000,1.750000,low,0,2300,54.000000,51.890482,54.382235,0.999451,100.000000,0.000000,3.301000,0.150000,3.451000
KB3_QuaTaiVua,Rule-based,-,53,5000,1.750000,low,281,2020,53.980000,59.061278,53.059296,0.997143,99.962963,0.204000,4.275000,0.279000,4.758000
KB3_QuaTaiVua,TOPSIS,EWM,53,5000,1.750000,low,281,2020,53.980000,92.959583,46.917080,0.902242,99.962963,0.532000,4.147000,0.152000,4.831000
KB3_QuaTaiVua,Hybrid,EWM,53,5000,1.750000,low,281,6738,54.000000,92.959583,46.940704,0.902363,100.000000,0.599000,3.403000,46.017000,50.019000
KB3_QuaTaiVua,TOPSIS,AHP,53,5000,1.750000,low,281,2020,53.980000,92.959583,46.917080,0.902242,99.962963,0.264000,2.464000,0.128000,2.856000
KB3_QuaTaiVua,Hybrid,AHP,53,5000,1.750000,low,281,6738,54.000000,92.959583,46.940704,0.902363,100.000000,0.204000,2.200000,48.050000,50.454000
KB3_QuaTaiVua,FIFO,-,54,5000,1.750000,low,0,2302,53.960000,55.630936,53.671124,0.999679,99.925926,0.000000,3.109000,0.142000,3.251000
KB3_QuaTaiVua,Rule-based,-,54,5000,1.750000,low,249,2055,53.920000,60.244233,52.826648,0.995715,99.851852,0.198000,3.344000,0.115000,3.657000
KB3_QuaTaiVua,TOPSIS,EWM,54,5000,1.750000,low,249,2055,53.920000,94.165536,46.962233,0.899384,99.851852,0.290000,4.176000,0.113000,4.579000
KB3_QuaTaiVua,Hybrid,EWM,54,5000,1.750000,low,249,6802,54.000000,94.165536,47.056064,0.899864,100.000000,0.524000,2.448000,45.830000,48.802000
KB3_QuaTaiVua,TOPSIS,AHP,54,5000,1.750000,low,249,2055,53.920000,94.165536,46.962233,0.899384,99.851852,0.195000,3.860000,0.122000,4.177000
KB3_QuaTaiVua,Hybrid,AHP,54,5000,1.750000,low,249,6802,54.000000,94.165536,47.056064,0.899864,100.000000,0.301000,2.214000,47.398000,49.913000
KB3_QuaTaiVua,FIFO,-,55,5000,1.750000,low,0,2300,54.000000,53.932584,54.011194,0.999999,100.000000,0.000000,2.529000,0.143000,2.672000
KB3_QuaTaiVua,Rule-based,-,55,5000,1.750000,low,256,2044,54.000000,64.325843,52.285448,0.989451,100.000000,0.508000,3.021000,0.117000,3.646000
KB3_QuaTaiVua,TOPSIS,EWM,55,5000,1.750000,low,256,2044,54.000000,94.662921,47.248134,0.899577,100.000000,0.367000,3.609000,0.264000,4.240000
KB3_QuaTaiVua,Hybrid,EWM,55,5000,1.750000,low,256,6788,54.000000,94.662921,47.248134,0.899577,100.000000,0.545000,2.394000,45.104000,48.043000
KB3_QuaTaiVua,TOPSIS,AHP,55,5000,1.750000,low,256,2044,54.000000,94.662921,47.248134,0.899577,100.000000,0.192000,3.306000,0.135000,3.633000
KB3_QuaTaiVua,Hybrid,AHP,55,5000,1.750000,low,256,6788,54.000000,94.662921,47.248134,0.899577,100.000000,0.275000,3.491000,47.135000,50.901000
KB3_QuaTaiVua,FIFO,-,56,5000,1.750000,low,0,2300,54.000000,53.432032,54.099131,0.999962,100.000000,0.000000,2.423000,0.190000,2.613000
KB3_QuaTaiVua,Rule-based,-,56,5000,1.750000,low,244,2056,54.000000,61.641992,52.666197,0.993872,100.000000,0.824000,2.385000,0.125000,3.334000
KB3_QuaTaiVua,TOPSIS,EWM,56,5000,1.750000,low,244,2056,54.000000,95.558546,46.746535,0.894730,100.000000,0.236000,4.722000,0.221000,5.179000
KB3_QuaTaiVua,Hybrid,EWM,56,5000,1.750000,low,244,6812,54.000000,95.558546,46.746535,0.894730,100.000000,0.468000,4.160000,45.987000,50.615000
KB3_QuaTaiVua,TOPSIS,AHP,56,5000,1.750000,low,244,2056,54.000000,95.558546,46.746535,0.894730,100.000000,0.286000,2.256000,0.119000,2.661000
KB3_QuaTaiVua,Hybrid,AHP,56,5000,1.750000,low,244,6812,54.000000,95.558546,46.746535,0.894730,100.000000,0.676000,2.863000,45.586000,49.125000
KB3_QuaTaiVua,FIFO,-,57,5000,1.750000,low,0,2300,54.000000,52.361111,54.275701,0.999678,100.000000,0.000000,2.510000,0.178000,2.688000
KB3_QuaTaiVua,Rule-based,-,57,5000,1.750000,low,225,2075,54.000000,60.833333,52.850467,0.995093,100.000000,0.589000,3.722000,0.221000,4.532000
KB3_QuaTaiVua,TOPSIS,EWM,57,5000,1.750000,low,225,2075,54.000000,96.250000,46.892523,0.893738,100.000000,0.326000,3.216000,0.147000,3.689000
KB3_QuaTaiVua,Hybrid,EWM,57,5000,1.750000,low,225,6850,54.000000,96.250000,46.892523,0.893738,100.000000,0.597000,4.117000,47.188000,51.902000
KB3_QuaTaiVua,TOPSIS,AHP,57,5000,1.750000,low,225,2075,54.000000,96.250000,46.892523,0.893738,100.000000,0.292000,2.703000,0.125000,3.120000
KB3_QuaTaiVua,Hybrid,AHP,57,5000,1.750000,low,225,6850,54.000000,96.250000,46.892523,0.893738,100.000000,0.479000,3.029000,47.252000,50.760000
KB3_QuaTaiVua,FIFO,-,58,5000,1.750000,low,0,2300,54.000000,56.323338,53.579022,0.999377,100.000000,0.000000,4.233000,0.124000,4.357000
KB3_QuaTaiVua,Rule-based,-,58,5000,1.750000,low,253,2047,54.000000,59.713168,52.964800,0.996426,100.000000,0.274000,4.436000,0.121000,4.831000
KB3_QuaTaiVua,TOPSIS,EWM,58,5000,1.750000,low,253,2047,54.000000,95.176010,46.539098,0.894624,100.000000,0.290000,4.210000,0.123000,4.623000
KB3_QuaTaiVua,Hybrid,EWM,58,5000,1.750000,low,253,6794,54.000000,95.176010,46.539098,0.894624,100.000000,0.771000,3.037000,45.202000,49.010000
KB3_QuaTaiVua,TOPSIS,AHP,58,5000,1.750000,low,253,2047,54.000000,95.176010,46.539098,0.894624,100.000000,0.584000,2.060000,0.126000,2.770000
KB3_QuaTaiVua,Hybrid,AHP,58,5000,1.750000,low,253,6794,54.000000,95.176010,46.539098,0.894624,100.000000,0.380000,2.263000,45.026000,47.669000
KB3_QuaTaiVua,FIFO,-,59,5000,1.750000,low,0,2300,54.000000,57.438017,53.416004,0.998685,100.000000,0.000000,2.449000,0.158000,2.607000
KB3_QuaTaiVua,Rule-based,-,59,5000,1.750000,low,245,2058,53.940000,63.085399,52.386523,0.991488,99.888889,0.690000,2.781000,0.120000,3.591000
KB3_QuaTaiVua,TOPSIS,EWM,59,5000,1.750000,low,245,2058,53.940000,95.316804,46.911558,0.896196,99.888889,0.208000,2.544000,0.164000,2.916000
KB3_QuaTaiVua,Hybrid,EWM,59,5000,1.750000,low,245,6810,54.000000,95.316804,46.981750,0.896557,100.000000,0.216000,2.701000,47.466000,50.383000
KB3_QuaTaiVua,TOPSIS,AHP,59,5000,1.750000,low,245,2058,53.940000,95.316804,46.911558,0.896196,99.888889,0.228000,2.727000,0.126000,3.081000
KB3_QuaTaiVua,Hybrid,AHP,59,5000,1.750000,low,245,6810,54.000000,95.316804,46.981750,0.896557,100.000000,1.080000,2.319000,44.058000,47.457000
KB3_QuaTaiVua,FIFO,-,60,5000,1.750000,low,0,2300,54.000000,54.956085,53.818701,0.999891,100.000000,0.000000,2.481000,0.156000,2.637000
KB3_QuaTaiVua,Rule-based,-,60,5000,1.750000,low,260,2040,54.000000,62.735257,52.343564,0.991912,100.000000,0.313000,2.235000,0.119000,2.667000
KB3_QuaTaiVua,TOPSIS,EWM,60,5000,1.750000,low,260,2040,54.000000,93.977415,46.419224,0.897065,100.000000,0.409000,2.740000,0.168000,3.317000
KB3_QuaTaiVua,Hybrid,EWM,60,5000,1.750000,low,260,6780,54.000000,93.977415,46.419224,0.897065,100.000000,0.276000,2.590000,47.219000,50.085000
KB3_QuaTaiVua,TOPSIS,AHP,60,5000,1.750000,low,260,2040,54.000000,93.977415,46.419224,0.897065,100.000000,0.258000,2.865000,0.168000,3.291000
KB3_QuaTaiVua,Hybrid,AHP,60,5000,1.750000,low,260,6780,54.000000,93.977415,46.419224,0.897065,100.000000,0.874000,2.607000,45.677000,49.158000
KB3_QuaTaiVua,FIFO,-,61,5000,1.750000,low,0,2304,53.920000,52.806122,54.127135,0.999847,99.851852,0.000000,2.428000,0.121000,2.549000
KB3_QuaTaiVua,Rule-based,-,61,5000,1.750000,low,294,2013,53.860000,63.265306,52.111006,0.990740,99.740741,0.526000,2.951000,0.132000,3.609000
KB3_QuaTaiVua,TOPSIS,EWM,61,5000,1.750000,low,294,2013,53.860000,94.005102,46.394687,0.896867,99.740741,0.303000,2.470000,0.181000,2.954000
KB3_QuaTaiVua,Hybrid,EWM,61,5000,1.750000,low,294,6712,54.000000,94.005102,46.560721,0.897728,100.000000,0.324000,2.477000,47.532000,50.333000
KB3_QuaTaiVua,TOPSIS,AHP,61,5000,1.750000,low,294,2013,53.860000,94.005102,46.394687,0.896867,99.740741,0.546000,2.487000,0.169000,3.202000
KB3_QuaTaiVua,Hybrid,AHP,61,5000,1.750000,low,294,6712,54.000000,94.005102,46.560721,0.897728,100.000000,0.962000,3.633000,48.697000,53.292000
KB3_QuaTaiVua,FIFO,-,62,5000,1.750000,low,0,2300,54.000000,55.189873,53.776722,0.999832,100.000000,0.000000,3.857000,0.129000,3.986000
KB3_QuaTaiVua,Rule-based,-,62,5000,1.750000,low,276,2024,54.000000,60.000000,52.874109,0.996030,100.000000,0.203000,2.916000,0.119000,3.238000
KB3_QuaTaiVua,TOPSIS,EWM,62,5000,1.750000,low,276,2024,54.000000,95.316456,46.247031,0.892739,100.000000,0.223000,4.200000,0.257000,4.680000
KB3_QuaTaiVua,Hybrid,EWM,62,5000,1.750000,low,276,6748,54.000000,95.316456,46.247031,0.892739,100.000000,0.287000,3.208000,45.252000,48.747000
KB3_QuaTaiVua,TOPSIS,AHP,62,5000,1.750000,low,276,2024,54.000000,95.316456,46.247031,0.892739,100.000000,0.464000,2.177000,0.127000,2.768000
KB3_QuaTaiVua,Hybrid,AHP,62,5000,1.750000,low,276,6748,54.000000,95.316456,46.247031,0.892739,100.000000,0.325000,3.820000,45.005000,49.150000
KB3_QuaTaiVua,FIFO,-,63,5000,1.750000,low,0,2300,54.000000,54.378531,53.937558,0.999983,100.000000,0.000000,2.383000,0.129000,2.512000
KB3_QuaTaiVua,Rule-based,-,63,5000,1.750000,low,247,2053,54.000000,63.418079,52.446412,0.991113,100.000000,0.474000,4.721000,0.216000,5.411000
KB3_QuaTaiVua,TOPSIS,EWM,63,5000,1.750000,low,247,2053,54.000000,94.632768,47.297297,0.899903,100.000000,0.471000,3.201000,0.168000,3.840000
KB3_QuaTaiVua,Hybrid,EWM,63,5000,1.750000,low,247,6806,54.000000,94.632768,47.297297,0.899903,100.000000,0.531000,4.122000,44.780000,49.433000
KB3_QuaTaiVua,TOPSIS,AHP,63,5000,1.750000,low,247,2053,54.000000,94.632768,47.297297,0.899903,100.000000,0.312000,2.919000,0.226000,3.457000
KB3_QuaTaiVua,Hybrid,AHP,63,5000,1.750000,low,247,6806,54.000000,94.632768,47.297297,0.899903,100.000000,0.442000,2.958000,47.326000,50.726000
KB3_QuaTaiVua,FIFO,-,64,5000,1.750000,low,0,2303,53.940000,53.316327,54.055977,0.999953,99.888889,0.000000,3.444000,0.128000,3.572000
KB3_QuaTaiVua,Rule-based,-,64,5000,1.750000,low,261,2043,53.920000,62.882653,52.253321,0.991549,99.851852,0.208000,2.970000,0.110000,3.288000
KB3_QuaTaiVua,TOPSIS,EWM,64,5000,1.750000,low,261,2043,53.920000,95.025510,46.276091,0.893634,99.851852,0.288000,2.962000,0.145000,3.395000
KB3_QuaTaiVua,Hybrid,EWM,64,5000,1.750000,low,261,6778,54.000000,95.025510,46.370968,0.894131,100.000000,0.177000,3.040000,45.247000,48.464000
KB3_QuaTaiVua,TOPSIS,AHP,64,5000,1.750000,low,261,2043,53.920000,95.025510,46.276091,0.893634,99.851852,0.318000,2.626000,0.128000,3.072000
KB3_QuaTaiVua,Hybrid,AHP,64,5000,1.750000,low,261,6778,54.000000,95.025510,46.370968,0.894131,100.000000,0.189000,3.418000,45.519000,49.126000
KB3_QuaTaiVua,FIFO,-,65,5000,1.750000,low,0,2300,54.000000,54.002714,53.999531,1.000000,100.000000,0.000000,2.728000,0.159000,2.887000
KB3_QuaTaiVua,Rule-based,-,65,5000,1.750000,low,244,2056,54.000000,61.465400,52.709360,0.994153,100.000000,0.323000,3.314000,0.145000,3.782000
KB3_QuaTaiVua,TOPSIS,EWM,65,5000,1.750000,low,244,2056,54.000000,95.251018,46.868403,0.896140,100.000000,0.212000,4.364000,0.229000,4.805000
KB3_QuaTaiVua,Hybrid,EWM,65,5000,1.750000,low,244,6812,54.000000,95.251018,46.868403,0.896140,100.000000,0.456000,2.782000,45.808000,49.046000
KB3_QuaTaiVua,TOPSIS,AHP,65,5000,1.750000,low,244,2056,54.000000,95.251018,46.868403,0.896140,100.000000,0.200000,2.757000,0.480000,3.437000
KB3_QuaTaiVua,Hybrid,AHP,65,5000,1.750000,low,244,6812,54.000000,95.251018,46.868403,0.896140,100.000000,0.179000,2.473000,44.577000,47.229000
KB3_QuaTaiVua,FIFO,-,66,5000,1.750000,low,0,2300,54.000000,52.692308,54.241706,0.999790,100.000000,0.000000,2.469000,0.128000,2.597000
KB3_QuaTaiVua,Rule-based,-,66,5000,1.750000,low,223,2078,53.980000,61.794872,52.535545,0.993484,99.962963,0.629000,2.267000,0.117000,3.013000
KB3_QuaTaiVua,TOPSIS,EWM,66,5000,1.750000,low,223,2078,53.980000,94.871795,46.421801,0.894789,99.962963,0.288000,3.139000,0.118000,3.545000
KB3_QuaTaiVua,Hybrid,EWM,66,5000,1.750000,low,223,6854,54.000000,94.871795,46.445498,0.894912,100.000000,0.633000,2.591000,47.459000,50.683000
KB3_QuaTaiVua,TOPSIS,AHP,66,5000,1.750000,low,223,2078,53.980000,94.871795,46.421801,0.894789,99.962963,0.280000,2.719000,0.481000,3.480000
KB3_QuaTaiVua,Hybrid,AHP,66,5000,1.750000,low,223,6854,54.000000,94.871795,46.445498,0.894912,100.000000,0.329000,3.994000,44.277000,48.600000
KB3_QuaTaiVua,FIFO,-,67,5000,1.750000,low,0,2301,53.980000,56.087551,53.619115,0.999494,99.962963,0.000000,2.452000,0.138000,2.590000
KB3_QuaTaiVua,Rule-based,-,67,5000,1.750000,low,234,2070,53.920000,64.021888,52.190208,0.989741,99.851852,0.208000,3.127000,0.118000,3.453000
KB3_QuaTaiVua,TOPSIS,EWM,67,5000,1.750000,low,234,2070,53.920000,95.896033,46.732256,0.893801,99.851852,0.290000,3.256000,0.133000,3.679000
KB3_QuaTaiVua,Hybrid,EWM,67,5000,1.750000,low,234,6832,54.000000,95.896033,46.825955,0.894287,100.000000,0.314000,3.367000,47.875000,51.556000
KB3_QuaTaiVua,TOPSIS,AHP,67,5000,1.750000,low,234,2070,53.920000,95.896033,46.732256,0.893801,99.851852,0.332000,2.793000,0.147000,3.272000
KB3_QuaTaiVua,Hybrid,AHP,67,5000,1.750000,low,234,6832,54.000000,95.896033,46.825955,0.894287,100.000000,0.422000,2.417000,52.266000,55.105000
KB3_QuaTaiVua,FIFO,-,68,5000,1.750000,low,0,2302,53.960000,52.631579,54.191125,0.999787,99.925926,0.000000,3.119000,0.137000,3.256000
KB3_QuaTaiVua,Rule-based,-,68,5000,1.750000,low,245,2059,53.920000,61.268556,52.641465,0.994297,99.851852,0.296000,3.411000,0.130000,3.837000
KB3_QuaTaiVua,TOPSIS,EWM,68,5000,1.750000,low,245,2059,53.920000,95.546559,46.677624,0.894403,99.851852,0.194000,4.283000,0.132000,4.609000
KB3_QuaTaiVua,Hybrid,EWM,68,5000,1.750000,low,245,6810,54.000000,95.546559,46.771543,0.894890,100.000000,0.228000,3.859000,50.191000,54.278000
KB3_QuaTaiVua,TOPSIS,AHP,68,5000,1.750000,low,245,2059,53.920000,95.546559,46.677624,0.894403,99.851852,0.305000,2.657000,0.143000,3.105000
KB3_QuaTaiVua,Hybrid,AHP,68,5000,1.750000,low,245,6810,54.000000,95.546559,46.771543,0.894890,100.000000,0.227000,3.016000,47.630000,50.873000
KB3_QuaTaiVua,FIFO,-,69,5000,1.750000,low,0,2300,54.000000,54.732510,53.874971,0.999938,100.000000,0.000000,5.173000,0.257000,5.430000
KB3_QuaTaiVua,Rule-based,-,69,5000,1.750000,low,235,2065,54.000000,63.237311,52.423320,0.991334,100.000000,0.374000,3.899000,0.131000,4.404000
KB3_QuaTaiVua,TOPSIS,EWM,69,5000,1.750000,low,235,2065,54.000000,95.198903,46.967923,0.896785,100.000000,0.248000,4.466000,0.241000,4.955000
KB3_QuaTaiVua,Hybrid,EWM,69,5000,1.750000,low,235,6830,54.000000,95.198903,46.967923,0.896785,100.000000,0.561000,3.352000,64.416000,68.329000
KB3_QuaTaiVua,TOPSIS,AHP,69,5000,1.750000,low,235,2065,54.000000,95.198903,46.967923,0.896785,100.000000,0.240000,3.295000,0.601000,4.136000
KB3_QuaTaiVua,Hybrid,AHP,69,5000,1.750000,low,235,6830,54.000000,95.198903,46.967923,0.896785,100.000000,0.695000,4.153000,69.004000,73.852000
KB3_QuaTaiVua,FIFO,-,70,5000,1.750000,low,0,2300,54.000000,51.190476,54.500471,0.999020,100.000000,0.000000,4.078000,0.180000,4.258000
KB3_QuaTaiVua,Rule-based,-,70,5000,1.750000,low,222,2078,54.000000,64.417989,52.144204,0.989034,100.000000,0.237000,3.365000,0.154000,3.756000
KB3_QuaTaiVua,TOPSIS,EWM,70,5000,1.750000,low,222,2078,54.000000,94.576720,46.771913,0.897358,100.000000,0.223000,3.724000,0.173000,4.120000
KB3_QuaTaiVua,Hybrid,EWM,70,5000,1.750000,low,222,6856,54.000000,94.576720,46.771913,0.897358,100.000000,0.829000,3.449000,52.513000,56.791000
KB3_QuaTaiVua,TOPSIS,AHP,70,5000,1.750000,low,222,2078,54.000000,94.576720,46.771913,0.897358,100.000000,0.692000,3.682000,0.331000,4.705000
KB3_QuaTaiVua,Hybrid,AHP,70,5000,1.750000,low,222,6856,54.000000,94.576720,46.771913,0.897358,100.000000,0.654000,4.140000,53.168000,57.962000
KB3_QuaTaiVua,FIFO,-,71,5000,1.750000,low,0,2302,53.960000,53.661784,54.012709,0.999989,99.925926,0.000000,2.710000,0.145000,2.855000
KB3_QuaTaiVua,Rule-based,-,71,5000,1.750000,low,286,2017,53.940000,61.118509,52.671217,0.994519,99.888889,0.310000,3.683000,0.246000,4.239000
KB3_QuaTaiVua,TOPSIS,EWM,71,5000,1.750000,low,286,2017,53.940000,92.676431,47.093434,0.903865,99.888889,0.416000,2.835000,0.142000,3.393000
KB3_QuaTaiVua,Hybrid,EWM,71,5000,1.750000,low,286,6728,54.000000,92.676431,47.164039,0.904221,100.000000,0.992000,2.653000,51.704000,55.349000
KB3_QuaTaiVua,TOPSIS,AHP,71,5000,1.750000,low,286,2017,53.940000,92.676431,47.093434,0.903865,99.888889,0.379000,3.219000,0.153000,3.751000
KB3_QuaTaiVua,Hybrid,AHP,71,5000,1.750000,low,286,6728,54.000000,92.676431,47.164039,0.904221,100.000000,0.995000,2.610000,51.888000,55.493000
KB4_QuaTaiNang,FIFO,-,42,10000,4.000000,high,0,7660,23.400000,22.791639,23.505929,0.999762,100.000000,0.000000,6.545000,0.221000,6.766000
KB4_QuaTaiNang,Rule-based,-,42,10000,4.000000,high,2503,5157,23.400000,30.411328,22.179171,0.976083,100.000000,1.038000,5.087000,0.217000,6.342000
KB4_QuaTaiNang,TOPSIS,EWM,42,10000,4.000000,high,2503,5157,23.400000,75.387728,14.347775,0.683667,100.000000,0.677000,4.813000,0.228000,5.718000
KB4_QuaTaiNang,Hybrid,EWM,42,10000,4.000000,high,2503,12654,23.400000,75.387728,14.347775,0.683667,100.000000,0.705000,4.060000,43.871000,48.636000
KB4_QuaTaiNang,TOPSIS,AHP,42,10000,4.000000,high,2503,5157,23.400000,75.387728,14.347775,0.683667,100.000000,0.633000,3.601000,0.182000,4.416000
KB4_QuaTaiNang,Hybrid,AHP,42,10000,4.000000,high,2503,12654,23.400000,75.387728,14.347775,0.683667,100.000000,0.561000,3.712000,42.256000,46.529000
KB4_QuaTaiNang,FIFO,-,43,10000,4.000000,high,0,7660,23.400000,23.679185,23.347965,0.999950,100.000000,0.000000,5.890000,0.277000,6.167000
KB4_QuaTaiNang,Rule-based,-,43,10000,4.000000,high,2505,5155,23.400000,29.026098,22.351406,0.983402,100.000000,0.870000,6.680000,0.282000,7.832000
KB4_QuaTaiNang,TOPSIS,EWM,43,10000,4.000000,high,2505,5155,23.400000,75.047740,13.773876,0.677554,100.000000,0.504000,4.026000,0.187000,4.717000
KB4_QuaTaiNang,Hybrid,EWM,43,10000,4.000000,high,2505,12650,23.400000,75.047740,13.773876,0.677554,100.000000,0.518000,4.119000,43.223000,47.860000
KB4_QuaTaiNang,TOPSIS,AHP,43,10000,4.000000,high,2505,5155,23.400000,75.047740,13.773876,0.677554,100.000000,0.712000,3.802000,0.189000,4.703000
KB4_QuaTaiNang,Hybrid,AHP,43,10000,4.000000,high,2505,12650,23.400000,75.047740,13.773876,0.677554,100.000000,0.698000,3.717000,43.108000,47.523000
KB4_QuaTaiNang,FIFO,-,44,10000,4.000000,high,0,7660,23.400000,23.806228,23.331385,0.999899,100.000000,0.000000,5.894000,0.256000,6.150000
KB4_QuaTaiNang,Rule-based,-,44,10000,4.000000,high,2458,5202,23.400000,29.826990,22.314436,0.979663,100.000000,1.531000,4.381000,0.195000,6.107000
KB4_QuaTaiNang,TOPSIS,EWM,44,10000,4.000000,high,2458,5202,23.400000,75.017301,14.681473,0.688488,100.000000,1.196000,6.311000,0.209000,7.716000
KB4_QuaTaiNang,Hybrid,EWM,44,10000,4.000000,high,2458,12744,23.400000,75.086505,14.669784,0.688189,100.000000,0.480000,5.141000,42.971000,48.592000
KB4_QuaTaiNang,TOPSIS,AHP,44,10000,4.000000,high,2458,5202,23.400000,75.017301,14.681473,0.688488,100.000000,0.945000,3.716000,0.744000,5.405000
KB4_QuaTaiNang,Hybrid,AHP,44,10000,4.000000,high,2458,12744,23.400000,75.086505,14.669784,0.688189,100.000000,0.799000,3.675000,43.238000,47.712000
KB4_QuaTaiNang,FIFO,-,45,10000,4.000000,high,0,7660,23.400000,22.552330,23.547365,0.999534,100.000000,0.000000,6.310000,0.204000,6.514000
KB4_QuaTaiNang,Rule-based,-,45,10000,4.000000,high,2453,5207,23.400000,29.101958,22.408733,0.983396,100.000000,0.505000,4.264000,0.406000,5.175000
KB4_QuaTaiNang,TOPSIS,EWM,45,10000,4.000000,high,2453,5207,23.400000,75.354490,14.367884,0.683982,100.000000,0.588000,5.370000,0.245000,6.203000
KB4_QuaTaiNang,Hybrid,EWM,45,10000,4.000000,high,2453,12754,23.400000,75.354490,14.367884,0.683982,100.000000,0.581000,5.150000,42.818000,48.549000
KB4_QuaTaiNang,TOPSIS,AHP,45,10000,4.000000,high,2453,5207,23.400000,75.354490,14.367884,0.683982,100.000000,0.769000,3.611000,0.183000,4.563000
KB4_QuaTaiNang,Hybrid,AHP,45,10000,4.000000,high,2453,12754,23.400000,75.354490,14.367884,0.683982,100.000000,0.612000,3.558000,43.174000,47.344000
KB4_QuaTaiNang,FIFO,-,46,10000,4.000000,high,0,7660,23.400000,25.416945,23.044348,0.997609,100.000000,0.000000,5.887000,0.219000,6.106000
KB4_QuaTaiNang,Rule-based,-,46,10000,4.000000,high,2468,5192,23.400000,30.153436,22.209152,0.977500,100.000000,0.752000,3.938000,0.551000,5.241000
KB4_QuaTaiNang,TOPSIS,EWM,46,10000,4.000000,high,2468,5192,23.400000,75.383589,14.233620,0.682316,100.000000,1.087000,6.492000,0.226000,7.805000
KB4_QuaTaiNang,Hybrid,EWM,46,10000,4.000000,high,2468,12724,23.400000,75.583722,14.198330,0.681446,100.000000,1.185000,4.373000,43.593000,49.151000
KB4_QuaTaiNang,TOPSIS,AHP,46,10000,4.000000,high,2468,5192,23.400000,75.383589,14.233620,0.682316,100.000000,1.420000,4.609000,0.404000,6.433000
KB4_QuaTaiNang,Hybrid,AHP,46,10000,4.000000,high,2468,12724,23.400000,75.583722,14.198330,0.681446,100.000000,1.732000,4.616000,43.636000,49.984000
KB4_QuaTaiNang,FIFO,-,47,10000,4.000000,high,0,7660,23.400000,21.693122,23.704053,0.998042,100.000000,0.000000,11.352000,0.432000,11.784000
KB4_QuaTaiNang,Rule-based,-,47,10000,4.000000,high,2495,5165,23.400000,31.018519,22.042884,0.972182,100.000000,1.059000,6.312000,0.201000,7.572000
KB4_QuaTaiNang,TOPSIS,EWM,47,10000,4.000000,high,2495,5165,23.400000,75.066138,14.196513,0.682589,100.000000,0.701000,5.401000,0.189000,6.291000
KB4_QuaTaiNang,Hybrid,EWM,47,10000,4.000000,high,2495,12670,23.400000,75.330688,14.149387,0.681429,100.000000,0.629000,5.496000,47.504000,53.629000
KB4_QuaTaiNang,TOPSIS,AHP,47,10000,4.000000,high,2495,5165,23.400000,75.066138,14.196513,0.682589,100.000000,1.537000,3.579000,0.291000,5.407000
KB4_QuaTaiNang,Hybrid,AHP,47,10000,4.000000,high,2495,12670,23.400000,75.330688,14.149387,0.681429,100.000000,1.609000,4.090000,42.661000,48.360000
KB4_QuaTaiNang,FIFO,-,48,10000,4.000000,high,0,7660,23.400000,22.901757,23.490488,0.999839,100.000000,0.000000,6.193000,0.839000,7.032000
KB4_QuaTaiNang,Rule-based,-,48,10000,4.000000,high,2515,5145,23.400000,28.822381,22.415219,0.984604,100.000000,0.894000,4.693000,0.492000,6.079000
KB4_QuaTaiNang,TOPSIS,EWM,48,10000,4.000000,high,2515,5145,23.400000,73.064411,14.380243,0.689476,100.000000,0.548000,4.689000,0.262000,5.499000
KB4_QuaTaiNang,Hybrid,EWM,48,10000,4.000000,high,2515,12630,23.400000,73.259597,14.344795,0.688578,100.000000,0.672000,4.941000,43.771000,49.384000
KB4_QuaTaiNang,TOPSIS,AHP,48,10000,4.000000,high,2515,5145,23.400000,73.064411,14.380243,0.689476,100.000000,0.732000,4.007000,0.216000,4.955000
KB4_QuaTaiNang,Hybrid,AHP,48,10000,4.000000,high,2515,12630,23.400000,73.259597,14.344795,0.688578,100.000000,0.803000,3.849000,45.627000,50.279000
KB4_QuaTaiNang,FIFO,-,49,10000,4.000000,high,0,7660,23.400000,24.651811,23.190098,0.999067,100.000000,0.000000,6.515000,0.268000,6.783000
KB4_QuaTaiNang,Rule-based,-,49,10000,4.000000,high,2551,5109,23.400000,31.824513,21.987389,0.967663,100.000000,1.553000,4.132000,0.167000,5.852000
KB4_QuaTaiNang,TOPSIS,EWM,49,10000,4.000000,high,2551,5109,23.400000,75.069638,14.736105,0.689016,100.000000,1.144000,4.745000,0.688000,6.577000
KB4_QuaTaiNang,Hybrid,EWM,49,10000,4.000000,high,2551,12558,23.400000,75.208914,14.712751,0.688415,100.000000,0.514000,4.453000,43.440000,48.407000
KB4_QuaTaiNang,TOPSIS,AHP,49,10000,4.000000,high,2551,5109,23.400000,75.069638,14.736105,0.689016,100.000000,0.691000,3.970000,0.192000,4.853000
KB4_QuaTaiNang,Hybrid,AHP,49,10000,4.000000,high,2551,12558,23.400000,75.208914,14.712751,0.688415,100.000000,1.483000,3.927000,44.093000,49.503000
KB4_QuaTaiNang,FIFO,-,50,10000,4.000000,high,0,7660,23.400000,24.064926,23.290225,0.999732,100.000000,0.000000,6.919000,0.207000,7.126000
KB4_QuaTaiNang,Rule-based,-,50,10000,4.000000,high,2478,5182,23.400000,29.851800,22.334848,0.979674,100.000000,1.283000,4.078000,0.244000,5.605000
KB4_QuaTaiNang,TOPSIS,EWM,50,10000,4.000000,high,2478,5182,23.400000,73.959068,15.053012,0.695436,100.000000,1.470000,6.811000,0.254000,8.535000
KB4_QuaTaiNang,Hybrid,EWM,50,10000,4.000000,high,2478,12704,23.400000,73.959068,15.053012,0.695436,100.000000,1.436000,5.396000,43.630000,50.462000
KB4_QuaTaiNang,TOPSIS,AHP,50,10000,4.000000,high,2478,5182,23.400000,73.959068,15.053012,0.695436,100.000000,1.466000,3.442000,0.187000,5.095000
KB4_QuaTaiNang,Hybrid,AHP,50,10000,4.000000,high,2478,12704,23.400000,73.959068,15.053012,0.695436,100.000000,0.486000,4.887000,43.749000,49.122000
KB4_QuaTaiNang,FIFO,-,51,10000,4.000000,high,0,7660,23.400000,23.097463,23.453305,0.999942,100.000000,0.000000,6.698000,0.223000,6.921000
KB4_QuaTaiNang,Rule-based,-,51,10000,4.000000,high,2500,5160,23.400000,30.240320,22.194778,0.976998,100.000000,0.503000,5.040000,0.172000,5.715000
KB4_QuaTaiNang,TOPSIS,EWM,51,10000,4.000000,high,2500,5160,23.400000,74.566088,14.384851,0.685992,100.000000,0.502000,7.810000,0.311000,8.623000
KB4_QuaTaiNang,Hybrid,EWM,51,10000,4.000000,high,2500,12660,23.400000,74.566088,14.384851,0.685992,100.000000,0.848000,7.229000,46.788000,54.865000
KB4_QuaTaiNang,TOPSIS,AHP,51,10000,4.000000,high,2500,5160,23.400000,74.566088,14.384851,0.685992,100.000000,1.487000,3.798000,0.187000,5.472000
KB4_QuaTaiNang,Hybrid,AHP,51,10000,4.000000,high,2500,12660,23.400000,74.566088,14.384851,0.685992,100.000000,0.677000,6.536000,45.064000,52.277000
KB4_QuaTaiNang,FIFO,-,52,10000,4.000000,high,0,7660,23.400000,24.221922,23.257451,0.999588,100.000000,0.000000,6.172000,0.451000,6.623000
KB4_QuaTaiNang,Rule-based,-,52,10000,4.000000,high,2450,5210,23.400000,32.341001,21.849331,0.963870,100.000000,1.084000,6.897000,0.506000,8.487000
KB4_QuaTaiNang,TOPSIS,EWM,52,10000,4.000000,high,2450,5210,23.400000,76.184032,14.245482,0.680671,100.000000,0.981000,5.145000,0.330000,6.456000
KB4_QuaTaiNang,Hybrid,EWM,52,10000,4.000000,high,2450,12760,23.400000,76.184032,14.245482,0.680671,100.000000,0.706000,6.915000,47.495000,55.116000
KB4_QuaTaiNang,TOPSIS,AHP,52,10000,4.000000,high,2450,5210,23.400000,76.184032,14.245482,0.680671,100.000000,1.146000,3.668000,0.175000,4.989000
KB4_QuaTaiNang,Hybrid,AHP,52,10000,4.000000,high,2450,12760,23.400000,76.184032,14.245482,0.680671,100.000000,0.553000,4.182000,44.536000,49.271000
KB4_QuaTaiNang,FIFO,-,53,10000,4.000000,high,0,7660,23.400000,23.944637,23.308007,0.999819,100.000000,0.000000,6.797000,0.321000,7.118000
KB4_QuaTaiNang,Rule-based,-,53,10000,4.000000,high,2476,5184,23.400000,29.896194,22.302747,0.979277,100.000000,0.641000,5.080000,0.182000,5.903000
KB4_QuaTaiNang,TOPSIS,EWM,53,10000,4.000000,high,2476,5184,23.400000,74.463668,14.774985,0.690903,100.000000,0.516000,4.414000,0.344000,5.274000
KB4_QuaTaiNang,Hybrid,EWM,53,10000,4.000000,high,2476,12708,23.400000,74.602076,14.751607,0.690297,100.000000,0.972000,4.935000,49.112000,55.019000
KB4_QuaTaiNang,TOPSIS,AHP,53,10000,4.000000,high,2476,5184,23.400000,74.463668,14.774985,0.690903,100.000000,0.546000,3.746000,0.259000,4.551000
KB4_QuaTaiNang,Hybrid,AHP,53,10000,4.000000,high,2476,12708,23.400000,74.602076,14.751607,0.690297,100.000000,0.631000,6.022000,45.692000,52.345000
KB4_QuaTaiNang,FIFO,-,54,10000,4.000000,high,0,7660,23.400000,22.341137,23.586126,0.999266,100.000000,0.000000,6.126000,0.281000,6.407000
KB4_QuaTaiNang,Rule-based,-,54,10000,4.000000,high,2526,5134,23.400000,30.702341,22.116402,0.974256,100.000000,1.193000,5.202000,0.336000,6.731000
KB4_QuaTaiNang,TOPSIS,EWM,54,10000,4.000000,high,2526,5134,23.400000,76.789298,14.015285,0.676632,100.000000,0.936000,6.632000,0.339000,7.907000
KB4_QuaTaiNang,Hybrid,EWM,54,10000,4.000000,high,2526,12608,23.400000,76.989967,13.980012,0.675786,100.000000,0.522000,4.604000,45.469000,50.595000
KB4_QuaTaiNang,TOPSIS,AHP,54,10000,4.000000,high,2526,5134,23.400000,76.789298,14.015285,0.676632,100.000000,0.710000,3.562000,0.236000,4.508000
KB4_QuaTaiNang,Hybrid,AHP,54,10000,4.000000,high,2526,12608,23.400000,76.989967,13.980012,0.675786,100.000000,0.714000,4.167000,50.369000,55.250000
KB4_QuaTaiNang,FIFO,-,55,10000,4.000000,high,0,7660,23.400000,22.760943,23.511450,0.999737,100.000000,0.000000,6.293000,0.263000,6.556000
KB4_QuaTaiNang,Rule-based,-,55,10000,4.000000,high,2504,5156,23.400000,29.158249,22.395772,0.983085,100.000000,1.081000,4.250000,0.193000,5.524000
KB4_QuaTaiNang,TOPSIS,EWM,55,10000,4.000000,high,2504,5156,23.400000,74.208754,14.539049,0.688679,100.000000,0.682000,4.702000,0.281000,5.665000
KB4_QuaTaiNang,Hybrid,EWM,55,10000,4.000000,high,2504,12652,23.400000,74.208754,14.539049,0.688679,100.000000,0.759000,4.571000,45.241000,50.571000
KB4_QuaTaiNang,TOPSIS,AHP,55,10000,4.000000,high,2504,5156,23.400000,74.208754,14.539049,0.688679,100.000000,0.748000,4.152000,0.220000,5.120000
KB4_QuaTaiNang,Hybrid,AHP,55,10000,4.000000,high,2504,12652,23.400000,74.208754,14.539049,0.688679,100.000000,0.510000,4.267000,43.451000,48.228000
KB4_QuaTaiNang,FIFO,-,56,10000,4.000000,high,0,7660,23.400000,23.071809,23.458098,0.999931,100.000000,0.000000,6.168000,0.258000,6.426000
KB4_QuaTaiNang,Rule-based,-,56,10000,4.000000,high,2508,5152,23.400000,29.521277,22.316384,0.981048,100.000000,0.537000,4.145000,0.197000,4.879000
KB4_QuaTaiNang,TOPSIS,EWM,56,10000,4.000000,high,2508,5152,23.400000,75.664894,14.147834,0.680664,100.000000,0.592000,6.398000,0.308000,7.298000
KB4_QuaTaiNang,Hybrid,EWM,56,10000,4.000000,high,2508,12644,23.400000,75.797872,14.124294,0.680088,100.000000,0.637000,4.553000,45.314000,50.504000
KB4_QuaTaiNang,TOPSIS,AHP,56,10000,4.000000,high,2508,5152,23.400000,75.664894,14.147834,0.680664,100.000000,0.558000,3.535000,0.197000,4.290000
KB4_QuaTaiNang,Hybrid,AHP,56,10000,4.000000,high,2508,12644,23.400000,75.797872,14.124294,0.680088,100.000000,0.676000,4.262000,44.669000,49.607000
KB4_QuaTaiNang,FIFO,-,57,10000,4.000000,high,0,7660,23.400000,23.746518,23.341896,0.999926,100.000000,0.000000,6.023000,0.311000,6.334000
KB4_QuaTaiNang,Rule-based,-,57,10000,4.000000,high,2512,5148,23.400000,31.824513,21.987389,0.967663,100.000000,1.111000,4.270000,0.184000,5.565000
KB4_QuaTaiNang,TOPSIS,EWM,57,10000,4.000000,high,2512,5148,23.400000,77.089136,14.397478,0.680469,100.000000,0.646000,4.001000,0.719000,5.366000
KB4_QuaTaiNang,Hybrid,EWM,57,10000,4.000000,high,2512,12636,23.400000,77.228412,14.374124,0.679893,100.000000,0.665000,5.017000,47.763000,53.445000
KB4_QuaTaiNang,TOPSIS,AHP,57,10000,4.000000,high,2512,5148,23.400000,77.089136,14.397478,0.680469,100.000000,0.712000,4.750000,0.427000,5.889000
KB4_QuaTaiNang,Hybrid,AHP,57,10000,4.000000,high,2512,12636,23.400000,77.228412,14.374124,0.679893,100.000000,1.754000,4.910000,47.361000,54.025000
KB4_QuaTaiNang,FIFO,-,58,10000,4.000000,high,0,7660,23.400000,23.298429,23.418319,0.999993,100.000000,0.000000,8.115000,0.256000,8.371000
KB4_QuaTaiNang,Rule-based,-,58,10000,4.000000,high,2528,5132,23.400000,29.581152,22.285175,0.980596,100.000000,1.271000,5.146000,0.249000,6.666000
KB4_QuaTaiNang,TOPSIS,EWM,58,10000,4.000000,high,2528,5132,23.400000,75.065445,14.081681,0.681215,100.000000,0.787000,8.074000,0.511000,9.372000
KB4_QuaTaiNang,Hybrid,EWM,58,10000,4.000000,high,2528,12604,23.400000,75.065445,14.081681,0.681215,100.000000,0.583000,5.148000,45.955000,51.686000
KB4_QuaTaiNang,TOPSIS,AHP,58,10000,4.000000,high,2528,5132,23.400000,75.065445,14.081681,0.681215,100.000000,0.837000,4.774000,0.762000,6.373000
KB4_QuaTaiNang,Hybrid,AHP,58,10000,4.000000,high,2528,12604,23.400000,75.065445,14.081681,0.681215,100.000000,0.862000,4.038000,44.591000,49.491000
KB4_QuaTaiNang,FIFO,-,59,10000,4.000000,high,0,7660,23.400000,25.271003,23.076021,0.997943,100.000000,0.000000,6.305000,0.263000,6.568000
KB4_QuaTaiNang,Rule-based,-,59,10000,4.000000,high,2521,5139,23.400000,30.352304,22.196152,0.976476,100.000000,0.555000,4.156000,0.183000,4.894000
KB4_QuaTaiNang,TOPSIS,EWM,59,10000,4.000000,high,2521,5139,23.400000,75.677507,14.347724,0.683012,100.000000,0.517000,4.109000,0.230000,4.856000
KB4_QuaTaiNang,Hybrid,EWM,59,10000,4.000000,high,2521,12618,23.400000,76.084011,14.277335,0.681269,100.000000,0.690000,6.722000,43.804000,51.216000
KB4_QuaTaiNang,TOPSIS,AHP,59,10000,4.000000,high,2521,5139,23.400000,75.677507,14.347724,0.683012,100.000000,0.678000,3.531000,0.184000,4.393000
KB4_QuaTaiNang,Hybrid,AHP,59,10000,4.000000,high,2521,12618,23.400000,76.084011,14.277335,0.681269,100.000000,0.768000,3.676000,44.628000,49.072000
KB4_QuaTaiNang,FIFO,-,60,10000,4.000000,high,0,7660,23.400000,22.237381,23.599719,0.999117,100.000000,0.000000,6.403000,0.301000,6.704000
KB4_QuaTaiNang,Rule-based,-,60,10000,4.000000,high,2444,5216,23.400000,27.967258,22.615421,0.988929,100.000000,1.304000,4.096000,0.204000,5.604000
KB4_QuaTaiNang,TOPSIS,EWM,60,10000,4.000000,high,2444,5216,23.400000,75.375171,14.471526,0.685168,100.000000,1.270000,4.331000,0.209000,5.810000
KB4_QuaTaiNang,Hybrid,EWM,60,10000,4.000000,high,2444,12772,23.400000,75.443383,14.459808,0.684873,100.000000,1.227000,4.213000,45.035000,50.475000
KB4_QuaTaiNang,TOPSIS,AHP,60,10000,4.000000,high,2444,5216,23.400000,75.375171,14.471526,0.685168,100.000000,1.399000,3.884000,0.297000,5.580000
KB4_QuaTaiNang,Hybrid,AHP,60,10000,4.000000,high,2444,12772,23.400000,75.443383,14.459808,0.684873,100.000000,0.973000,5.541000,44.370000,50.884000
KB4_QuaTaiNang,FIFO,-,61,10000,4.000000,high,0,7660,23.400000,22.229465,23.612095,0.999091,100.000000,0.000000,6.924000,0.388000,7.312000
KB4_QuaTaiNang,Rule-based,-,61,10000,4.000000,high,2545,5115,23.400000,29.595828,22.277345,0.980484,100.000000,0.543000,4.990000,0.186000,5.719000
KB4_QuaTaiNang,TOPSIS,EWM,61,10000,4.000000,high,2545,5115,23.400000,75.423729,13.973541,0.679119,100.000000,0.549000,6.383000,0.432000,7.364000
KB4_QuaTaiNang,Hybrid,EWM,61,10000,4.000000,high,2545,12570,23.400000,75.423729,13.973541,0.679119,100.000000,1.075000,7.800000,45.250000,54.125000
KB4_QuaTaiNang,TOPSIS,AHP,61,10000,4.000000,high,2545,5115,23.400000,75.358540,13.985353,0.679405,100.000000,0.689000,3.609000,0.211000,4.509000
KB4_QuaTaiNang,Hybrid,AHP,61,10000,4.000000,high,2545,12570,23.400000,75.358540,13.985353,0.679405,100.000000,0.837000,4.016000,43.550000,48.403000
KB4_QuaTaiNang,FIFO,-,62,10000,4.000000,high,0,7660,23.400000,23.711340,23.346987,0.999940,100.000000,0.000000,6.019000,0.271000,6.290000
KB4_QuaTaiNang,Rule-based,-,62,10000,4.000000,high,2520,5140,23.400000,30.240550,22.235225,0.977257,100.000000,0.740000,5.408000,0.203000,6.351000
KB4_QuaTaiNang,TOPSIS,EWM,62,10000,4.000000,high,2520,5140,23.400000,75.120275,14.593329,0.687201,100.000000,0.522000,4.710000,0.211000,5.443000
KB4_QuaTaiNang,Hybrid,EWM,62,10000,4.000000,high,2520,12620,23.400000,75.120275,14.593329,0.687201,100.000000,1.295000,4.543000,45.187000,51.025000
KB4_QuaTaiNang,TOPSIS,AHP,62,10000,4.000000,high,2520,5140,23.400000,75.120275,14.593329,0.687201,100.000000,1.490000,3.778000,0.464000,5.732000
KB4_QuaTaiNang,Hybrid,AHP,62,10000,4.000000,high,2520,12620,23.400000,75.120275,14.593329,0.687201,100.000000,1.567000,3.897000,44.727000,50.191000
KB4_QuaTaiNang,FIFO,-,63,10000,4.000000,high,0,7660,23.400000,22.664835,23.525281,0.999653,100.000000,0.000000,7.946000,0.241000,8.187000
KB4_QuaTaiNang,Rule-based,-,63,10000,4.000000,high,2548,5112,23.400000,30.631868,22.167603,0.974945,100.000000,0.675000,5.901000,0.271000,6.847000
KB4_QuaTaiNang,TOPSIS,EWM,63,10000,4.000000,high,2548,5112,23.400000,76.167582,14.407772,0.682624,100.000000,0.755000,5.513000,0.207000,6.475000
KB4_QuaTaiNang,Hybrid,EWM,63,10000,4.000000,high,2548,12564,23.400000,76.167582,14.407772,0.682624,100.000000,0.580000,6.365000,57.364000,64.309000
KB4_QuaTaiNang,TOPSIS,AHP,63,10000,4.000000,high,2548,5112,23.400000,76.167582,14.407772,0.682624,100.000000,0.681000,3.768000,0.208000,4.657000
KB4_QuaTaiNang,Hybrid,AHP,63,10000,4.000000,high,2548,12564,23.400000,76.167582,14.407772,0.682624,100.000000,0.600000,4.428000,48.453000,53.481000
KB4_QuaTaiNang,FIFO,-,64,10000,4.000000,high,0,7660,23.400000,24.123989,23.273837,0.999678,100.000000,0.000000,6.349000,0.340000,6.689000
KB4_QuaTaiNang,Rule-based,-,64,10000,4.000000,high,2443,5217,23.400000,27.762803,22.639737,0.989774,100.000000,0.621000,4.224000,0.183000,5.028000
KB4_QuaTaiNang,TOPSIS,EWM,64,10000,4.000000,high,2443,5217,23.400000,72.304582,14.877877,0.697408,100.000000,0.722000,4.236000,0.249000,5.207000
KB4_QuaTaiNang,Hybrid,EWM,64,10000,4.000000,high,2443,12774,23.400000,72.304582,14.877877,0.697408,100.000000,0.606000,4.553000,43.705000,48.864000
KB4_QuaTaiNang,TOPSIS,AHP,64,10000,4.000000,high,2443,5217,23.400000,72.304582,14.877877,0.697408,100.000000,0.826000,4.092000,0.190000,5.108000
KB4_QuaTaiNang,Hybrid,AHP,64,10000,4.000000,high,2443,12774,23.400000,72.304582,14.877877,0.697408,100.000000,0.704000,4.971000,44.988000,50.663000
KB4_QuaTaiNang,FIFO,-,65,10000,4.000000,high,0,7660,23.400000,23.169108,23.440810,0.999966,100.000000,0.000000,6.646000,0.211000,6.857000
KB4_QuaTaiNang,Rule-based,-,65,10000,4.000000,high,2586,5074,23.400000,28.628495,22.475877,0.985713,100.000000,0.566000,5.394000,0.184000,6.144000
KB4_QuaTaiNang,TOPSIS,EWM,65,10000,4.000000,high,2586,5074,23.400000,73.235686,14.591669,0.691635,100.000000,0.535000,4.872000,0.754000,6.161000
KB4_QuaTaiNang,Hybrid,EWM,65,10000,4.000000,high,2586,12488,23.400000,73.435419,14.556366,0.690726,100.000000,0.513000,6.621000,44.917000,52.051000
KB4_QuaTaiNang,TOPSIS,AHP,65,10000,4.000000,high,2586,5074,23.400000,73.235686,14.591669,0.691635,100.000000,0.733000,5.140000,0.456000,6.329000
KB4_QuaTaiNang,Hybrid,AHP,65,10000,4.000000,high,2586,12488,23.400000,73.435419,14.556366,0.690726,100.000000,0.663000,5.404000,43.817000,49.884000
KB4_QuaTaiNang,FIFO,-,66,10000,4.000000,high,0,7660,23.400000,23.112892,23.450547,0.999947,100.000000,0.000000,6.045000,0.240000,6.285000
KB4_QuaTaiNang,Rule-based,-,66,10000,4.000000,high,2475,5185,23.400000,28.924516,22.427379,0.984244,100.000000,0.518000,4.601000,0.244000,5.363000
KB4_QuaTaiNang,TOPSIS,EWM,66,10000,4.000000,high,2475,5185,23.400000,74.148297,14.465483,0.687936,100.000000,0.544000,4.781000,0.270000,5.595000
KB4_QuaTaiNang,Hybrid,EWM,66,10000,4.000000,high,2475,12710,23.400000,74.482298,14.406680,0.686449,100.000000,0.747000,4.668000,46.918000,52.333000
KB4_QuaTaiNang,TOPSIS,AHP,66,10000,4.000000,high,2475,5185,23.400000,74.148297,14.465483,0.687936,100.000000,0.637000,3.447000,0.482000,4.566000
KB4_QuaTaiNang,Hybrid,AHP,66,10000,4.000000,high,2475,12710,23.400000,74.482298,14.406680,0.686449,100.000000,0.507000,4.065000,45.469000,50.041000
KB4_QuaTaiNang,FIFO,-,67,10000,4.000000,high,0,7660,23.400000,23.594053,23.364486,0.999976,100.000000,0.000000,6.448000,0.271000,6.719000
KB4_QuaTaiNang,Rule-based,-,67,10000,4.000000,high,2474,5186,23.400000,29.541047,22.276115,0.980722,100.000000,1.299000,4.519000,0.181000,5.999000
KB4_QuaTaiNang,TOPSIS,EWM,67,10000,4.000000,high,2474,5186,23.400000,73.820297,14.172483,0.685161,100.000000,1.109000,4.332000,0.364000,5.805000
KB4_QuaTaiNang,Hybrid,EWM,67,10000,4.000000,high,2474,12712,23.400000,73.884939,14.160653,0.684867,100.000000,0.656000,4.969000,45.652000,51.277000
KB4_QuaTaiNang,TOPSIS,AHP,67,10000,4.000000,high,2474,5186,23.400000,73.755656,14.184313,0.685456,100.000000,0.648000,4.137000,0.220000,5.005000
KB4_QuaTaiNang,Hybrid,AHP,67,10000,4.000000,high,2474,12712,23.400000,73.884939,14.160653,0.684867,100.000000,0.910000,3.840000,44.109000,48.859000
KB4_QuaTaiNang,FIFO,-,68,10000,4.000000,high,0,7660,23.400000,22.524917,23.555032,0.999501,100.000000,0.000000,6.229000,0.242000,6.471000
KB4_QuaTaiNang,Rule-based,-,68,10000,4.000000,high,2480,5180,23.400000,30.033223,22.224838,0.978161,100.000000,0.552000,4.139000,0.207000,4.898000
KB4_QuaTaiNang,TOPSIS,EWM,68,10000,4.000000,high,2480,5180,23.400000,74.617940,14.326074,0.685167,100.000000,0.758000,4.497000,0.286000,5.541000
KB4_QuaTaiNang,Hybrid,EWM,68,10000,4.000000,high,2480,12700,23.400000,74.617940,14.326074,0.685167,100.000000,0.658000,4.665000,44.594000,49.917000
KB4_QuaTaiNang,TOPSIS,AHP,68,10000,4.000000,high,2480,5180,23.400000,74.617940,14.326074,0.685167,100.000000,0.706000,3.988000,0.200000,4.894000
KB4_QuaTaiNang,Hybrid,AHP,68,10000,4.000000,high,2480,12700,23.400000,74.617940,14.326074,0.685167,100.000000,0.869000,4.072000,44.714000,49.655000
KB4_QuaTaiNang,FIFO,-,69,10000,4.000000,high,0,7660,23.400000,22.483221,23.560517,0.999453,100.000000,0.000000,6.353000,0.278000,6.631000
KB4_QuaTaiNang,Rule-based,-,69,10000,4.000000,high,2554,5106,23.400000,30.671141,22.126910,0.974480,100.000000,1.783000,7.451000,0.404000,9.638000
KB4_QuaTaiNang,TOPSIS,EWM,69,10000,4.000000,high,2554,5106,23.400000,74.362416,14.477086,0.687574,100.000000,1.338000,4.504000,0.333000,6.175000
KB4_QuaTaiNang,Hybrid,EWM,69,10000,4.000000,high,2554,12552,23.400000,74.630872,14.430082,0.686385,100.000000,1.049000,4.843000,43.859000,49.751000
KB4_QuaTaiNang,TOPSIS,AHP,69,10000,4.000000,high,2554,5106,23.400000,74.362416,14.477086,0.687574,100.000000,0.634000,3.700000,0.207000,4.541000
KB4_QuaTaiNang,Hybrid,AHP,69,10000,4.000000,high,2554,12552,23.400000,74.630872,14.430082,0.686385,100.000000,0.606000,3.523000,43.314000,47.443000
KB4_QuaTaiNang,FIFO,-,70,10000,4.000000,high,0,7660,23.400000,20.807237,23.835105,0.995421,100.000000,0.000000,6.116000,0.249000,6.365000
KB4_QuaTaiNang,Rule-based,-,70,10000,4.000000,high,2514,5146,23.400000,30.897704,22.141773,0.973471,100.000000,0.557000,4.127000,0.204000,4.888000
KB4_QuaTaiNang,TOPSIS,EWM,70,10000,4.000000,high,2514,5146,23.400000,74.599861,14.807894,0.690973,100.000000,0.526000,4.210000,0.297000,5.033000
KB4_QuaTaiNang,Hybrid,EWM,70,10000,4.000000,high,2514,12632,23.400000,74.739040,14.784538,0.690366,100.000000,0.544000,4.822000,44.738000,50.104000
KB4_QuaTaiNang,TOPSIS,AHP,70,10000,4.000000,high,2514,5146,23.400000,74.599861,14.807894,0.690973,100.000000,0.538000,4.261000,0.219000,5.018000
KB4_QuaTaiNang,Hybrid,AHP,70,10000,4.000000,high,2514,12632,23.400000,74.739040,14.784538,0.690366,100.000000,1.041000,3.740000,45.970000,50.751000
KB4_QuaTaiNang,FIFO,-,71,10000,4.000000,high,0,7660,23.400000,22.969374,23.476112,0.999881,100.000000,0.000000,7.743000,0.234000,7.977000
KB4_QuaTaiNang,Rule-based,-,71,10000,4.000000,high,2434,5226,23.400000,28.628495,22.475877,0.985713,100.000000,1.112000,5.329000,0.217000,6.658000
KB4_QuaTaiNang,TOPSIS,EWM,71,10000,4.000000,high,2434,5226,23.400000,75.299601,14.226877,0.682425,100.000000,0.613000,4.042000,0.313000,4.968000
KB4_QuaTaiNang,Hybrid,EWM,71,10000,4.000000,high,2434,12792,23.400000,75.299601,14.226877,0.682425,100.000000,0.931000,5.149000,45.650000,51.730000
KB4_QuaTaiNang,TOPSIS,AHP,71,10000,4.000000,high,2434,5226,23.400000,75.299601,14.226877,0.682425,100.000000,1.382000,3.687000,0.207000,5.276000
KB4_QuaTaiNang,Hybrid,AHP,71,10000,4.000000,high,2434,12792,23.400000,75.299601,14.226877,0.682425,100.000000,1.340000,4.253000,51.203000,56.796000
KB5_TrungLichManh,FIFO,-,42,5000,1.500000,low,0,1764,64.720000,65.556978,64.565063,0.999942,99.876543,0.000000,2.673000,0.186000,2.859000
KB5_TrungLichManh,Rule-based,-,42,5000,1.500000,low,242,1525,64.660000,72.983355,63.119223,0.994775,99.783951,0.249000,2.494000,0.176000,2.919000
KB5_TrungLichManh,TOPSIS,EWM,42,5000,1.500000,low,242,1525,64.660000,94.878361,59.066129,0.948661,99.783951,0.358000,2.937000,0.248000,3.543000
KB5_TrungLichManh,Hybrid,EWM,42,5000,1.500000,low,242,6276,64.800000,94.878361,59.232046,0.949216,100.000000,0.227000,2.861000,66.732000,69.820000
KB5_TrungLichManh,TOPSIS,AHP,42,5000,1.500000,low,242,1525,64.660000,94.878361,59.066129,0.948661,99.783951,0.319000,1.998000,0.171000,2.488000
KB5_TrungLichManh,Hybrid,AHP,42,5000,1.500000,low,242,6276,64.800000,94.878361,59.232046,0.949216,100.000000,0.256000,2.883000,63.359000,66.498000
KB5_TrungLichManh,FIFO,-,43,5000,1.500000,low,0,1776,64.480000,64.124294,64.538677,0.999990,99.506173,0.000000,2.494000,0.181000,2.675000
KB5_TrungLichManh,Rule-based,-,43,5000,1.500000,low,245,1538,64.340000,72.457627,63.000932,0.995150,99.290123,0.845000,2.362000,0.144000,3.351000
KB5_TrungLichManh,TOPSIS,EWM,43,5000,1.500000,low,245,1538,64.340000,94.350282,59.389562,0.950831,99.290123,0.204000,2.596000,0.197000,2.997000
KB5_TrungLichManh,Hybrid,EWM,43,5000,1.500000,low,245,6270,64.800000,94.350282,59.925443,0.952571,100.000000,0.326000,2.541000,64.978000,67.845000
KB5_TrungLichManh,TOPSIS,AHP,43,5000,1.500000,low,245,1538,64.340000,94.350282,59.389562,0.950831,99.290123,0.297000,2.635000,0.154000,3.086000
KB5_TrungLichManh,Hybrid,AHP,43,5000,1.500000,low,245,6270,64.800000,94.350282,59.925443,0.952571,100.000000,0.222000,3.203000,61.884000,65.309000
KB5_TrungLichManh,FIFO,-,44,5000,1.500000,low,0,1767,64.660000,65.153374,64.563919,0.999979,99.783951,0.000000,2.474000,0.179000,2.653000
KB5_TrungLichManh,Rule-based,-,44,5000,1.500000,low,243,1530,64.540000,71.779141,63.130227,0.995907,99.598765,1.024000,2.445000,0.145000,3.614000
KB5_TrungLichManh,TOPSIS,EWM,44,5000,1.500000,low,243,1530,64.540000,95.582822,58.494624,0.945231,99.598765,0.231000,2.690000,0.583000,3.504000
KB5_TrungLichManh,Hybrid,EWM,44,5000,1.500000,low,243,6278,64.720000,95.582822,58.709677,0.945973,99.876543,0.405000,2.691000,67.331000,70.427000
KB5_TrungLichManh,TOPSIS,AHP,44,5000,1.500000,low,243,1530,64.540000,95.582822,58.494624,0.945231,99.598765,0.394000,2.838000,0.153000,3.385000
KB5_TrungLichManh,Hybrid,AHP,44,5000,1.500000,low,243,6278,64.720000,95.582822,58.709677,0.945973,99.876543,0.505000,2.491000,65.946000,68.942000
KB5_TrungLichManh,FIFO,-,45,5000,1.500000,low,0,1769,64.620000,64.019851,64.735336,0.999969,99.722222,0.000000,2.617000,0.181000,2.798000
KB5_TrungLichManh,Rule-based,-,45,5000,1.500000,low,245,1531,64.480000,71.588089,63.113972,0.996058,99.506173,0.821000,2.390000,0.169000,3.380000
KB5_TrungLichManh,TOPSIS,EWM,45,5000,1.500000,low,245,1531,64.480000,95.657568,58.488317,0.945051,99.506173,0.397000,2.759000,0.392000,3.548000
KB5_TrungLichManh,Hybrid,EWM,45,5000,1.500000,low,245,6270,64.800000,95.657568,58.869814,0.946364,100.000000,0.218000,2.674000,68.198000,71.090000
KB5_TrungLichManh,TOPSIS,AHP,45,5000,1.500000,low,245,1531,64.480000,95.657568,58.488317,0.945051,99.506173,0.334000,2.736000,0.138000,3.208000
KB5_TrungLichManh,Hybrid,AHP,45,5000,1.500000,low,245,6270,64.800000,95.657568,58.869814,0.946364,100.000000,0.612000,2.404000,65.041000,68.057000
KB5_TrungLichManh,FIFO,-,46,5000,1.500000,low,0,1774,64.520000,62.682603,64.845773,0.999712,99.567901,0.000000,2.707000,0.178000,2.885000
KB5_TrungLichManh,Rule-based,-,46,5000,1.500000,low,237,1550,64.260000,70.252324,63.197551,0.997213,99.166667,0.289000,2.562000,0.580000,3.431000
KB5_TrungLichManh,TOPSIS,EWM,46,5000,1.500000,low,237,1550,64.260000,95.086321,58.794443,0.947308,99.166667,0.396000,2.634000,0.159000,3.189000
KB5_TrungLichManh,Hybrid,EWM,46,5000,1.500000,low,237,6286,64.800000,95.086321,59.430186,0.949442,100.000000,0.749000,2.657000,67.367000,70.773000
KB5_TrungLichManh,TOPSIS,AHP,46,5000,1.500000,low,237,1550,64.260000,95.086321,58.794443,0.947308,99.166667,0.771000,3.402000,0.333000,4.506000
KB5_TrungLichManh,Hybrid,AHP,46,5000,1.500000,low,237,6287,64.780000,95.086321,59.406640,0.949364,99.969136,0.325000,3.238000,69.509000,73.072000
KB5_TrungLichManh,FIFO,-,47,5000,1.500000,low,0,1765,64.700000,63.947368,64.834906,0.999953,99.845679,0.000000,2.969000,0.179000,3.148000
KB5_TrungLichManh,Rule-based,-,47,5000,1.500000,low,252,1517,64.620000,70.789474,63.514151,0.997074,99.722222,0.800000,2.405000,0.196000,3.401000
KB5_TrungLichManh,TOPSIS,EWM,47,5000,1.500000,low,252,1517,64.620000,94.605263,59.245283,0.949827,99.722222,0.223000,2.995000,0.155000,3.373000
KB5_TrungLichManh,Hybrid,EWM,47,5000,1.500000,low,252,6258,64.760000,94.605263,59.410377,0.950372,99.938272,0.679000,2.534000,73.149000,76.362000
KB5_TrungLichManh,TOPSIS,AHP,47,5000,1.500000,low,252,1517,64.620000,94.605263,59.245283,0.949827,99.722222,0.332000,6.346000,0.336000,7.014000
KB5_TrungLichManh,Hybrid,AHP,47,5000,1.500000,low,252,6260,64.720000,94.605263,59.363208,0.950217,99.876543,0.879000,4.847000,82.314000,88.040000
KB5_TrungLichManh,FIFO,-,48,5000,1.500000,low,0,1765,64.700000,65.122265,64.622306,0.999985,99.845679,0.000000,2.659000,0.139000,2.798000
KB5_TrungLichManh,Rule-based,-,48,5000,1.500000,low,248,1518,64.680000,71.685972,63.390954,0.996243,99.814815,0.275000,2.447000,0.152000,2.874000
KB5_TrungLichManh,TOPSIS,EWM,48,5000,1.500000,low,248,1518,64.680000,96.010296,58.915463,0.945779,99.814815,0.308000,2.988000,0.167000,3.463000
KB5_TrungLichManh,Hybrid,EWM,48,5000,1.500000,low,248,6264,64.800000,96.010296,59.057542,0.946264,100.000000,0.307000,2.806000,65.508000,68.621000
KB5_TrungLichManh,TOPSIS,AHP,48,5000,1.500000,low,248,1518,64.680000,96.010296,58.915463,0.945779,99.814815,0.302000,2.572000,0.339000,3.213000
KB5_TrungLichManh,Hybrid,AHP,48,5000,1.500000,low,248,6264,64.800000,96.010296,59.057542,0.946264,100.000000,0.354000,3.694000,64.733000,68.781000
KB5_TrungLichManh,FIFO,-,49,5000,1.500000,low,0,1769,64.620000,63.802083,64.768431,0.999944,99.722222,0.000000,3.608000,0.149000,3.757000
KB5_TrungLichManh,Rule-based,-,49,5000,1.500000,low,247,1530,64.460000,73.828125,62.759924,0.993476,99.475309,0.202000,2.739000,0.459000,3.400000
KB5_TrungLichManh,TOPSIS,EWM,49,5000,1.500000,low,247,1530,64.460000,95.182292,58.884688,0.947413,99.475309,0.215000,2.936000,0.140000,3.291000
KB5_TrungLichManh,Hybrid,EWM,49,5000,1.500000,low,247,6266,64.800000,95.182292,59.286389,0.948765,100.000000,0.892000,2.897000,67.785000,71.574000
KB5_TrungLichManh,TOPSIS,AHP,49,5000,1.500000,low,247,1530,64.460000,95.182292,58.884688,0.947413,99.475309,0.267000,3.268000,0.315000,3.850000
KB5_TrungLichManh,Hybrid,AHP,49,5000,1.500000,low,247,6266,64.800000,95.182292,59.286389,0.948765,100.000000,0.881000,2.622000,70.502000,74.005000
KB5_TrungLichManh,FIFO,-,50,5000,1.500000,low,0,1765,64.700000,64.819945,64.679757,0.999999,99.845679,0.000000,2.838000,0.169000,3.007000
KB5_TrungLichManh,Rule-based,-,50,5000,1.500000,low,258,1513,64.580000,72.991690,63.160355,0.994813,99.660494,0.246000,2.537000,0.191000,2.974000
KB5_TrungLichManh,TOPSIS,EWM,50,5000,1.500000,low,258,1513,64.580000,94.736842,59.490416,0.950364,99.660494,0.830000,3.063000,0.178000,4.071000
KB5_TrungLichManh,Hybrid,EWM,50,5000,1.500000,low,258,6244,64.800000,94.736842,59.747546,0.951205,100.000000,0.227000,2.927000,76.933000,80.087000
KB5_TrungLichManh,TOPSIS,AHP,50,5000,1.500000,low,258,1513,64.580000,94.736842,59.490416,0.950364,99.660494,0.302000,3.646000,0.268000,4.216000
KB5_TrungLichManh,Hybrid,AHP,50,5000,1.500000,low,258,6244,64.800000,94.736842,59.747546,0.951205,100.000000,0.240000,2.358000,66.077000,68.675000
KB5_TrungLichManh,FIFO,-,51,5000,1.500000,low,0,1767,64.660000,63.037634,64.943609,0.999778,99.783951,0.000000,2.613000,0.191000,2.804000
KB5_TrungLichManh,Rule-based,-,51,5000,1.500000,low,232,1546,64.440000,74.059140,62.758459,0.993224,99.444444,0.311000,2.457000,0.433000,3.201000
KB5_TrungLichManh,TOPSIS,EWM,51,5000,1.500000,low,232,1546,64.440000,95.564516,58.999060,0.947000,99.444444,0.378000,2.506000,0.138000,3.022000
KB5_TrungLichManh,Hybrid,EWM,51,5000,1.500000,low,232,6296,64.800000,95.564516,59.421992,0.948424,100.000000,0.700000,3.393000,73.318000,77.411000
KB5_TrungLichManh,TOPSIS,AHP,51,5000,1.500000,low,232,1546,64.440000,95.564516,58.999060,0.947000,99.444444,0.217000,2.795000,0.168000,3.180000
KB5_TrungLichManh,Hybrid,AHP,51,5000,1.500000,low,232,6296,64.800000,95.564516,59.421992,0.948424,100.000000,0.225000,2.881000,78.332000,81.438000
KB5_TrungLichManh,FIFO,-,52,5000,1.500000,low,0,1765,64.700000,61.702128,65.230697,0.999228,99.845679,0.000000,2.823000,0.176000,2.999000
KB5_TrungLichManh,Rule-based,-,52,5000,1.500000,low,225,1546,64.580000,73.537234,62.994350,0.994073,99.660494,0.707000,3.342000,0.145000,4.194000
KB5_TrungLichManh,TOPSIS,EWM,52,5000,1.500000,low,225,1546,64.580000,95.744681,59.063089,0.946840,99.660494,0.328000,4.587000,0.359000,5.274000
KB5_TrungLichManh,Hybrid,EWM,52,5000,1.500000,low,225,6311,64.780000,95.744681,59.298493,0.947635,99.969136,0.822000,3.772000,71.844000,76.438000
KB5_TrungLichManh,TOPSIS,AHP,52,5000,1.500000,low,225,1546,64.580000,95.744681,59.063089,0.946840,99.660494,0.320000,2.871000,0.257000,3.448000
KB5_TrungLichManh,Hybrid,AHP,52,5000,1.500000,low,225,6310,64.800000,95.744681,59.322034,0.947714,100.000000,0.344000,3.958000,65.228000,69.530000
KB5_TrungLichManh,FIFO,-,53,5000,1.500000,low,0,1768,64.640000,66.025641,64.383886,0.999842,99.753086,0.000000,2.521000,0.172000,2.693000
KB5_TrungLichManh,Rule-based,-,53,5000,1.500000,low,285,1490,64.500000,71.538462,63.199052,0.996184,99.537037,0.343000,3.816000,0.249000,4.408000
KB5_TrungLichManh,TOPSIS,EWM,53,5000,1.500000,low,285,1490,64.500000,92.435897,59.336493,0.954598,99.537037,0.939000,2.680000,0.133000,3.752000
KB5_TrungLichManh,Hybrid,EWM,53,5000,1.500000,low,285,6191,64.780000,92.435897,59.668246,0.955649,99.969136,0.574000,3.059000,76.018000,79.651000
KB5_TrungLichManh,TOPSIS,AHP,53,5000,1.500000,low,285,1490,64.500000,92.435897,59.336493,0.954598,99.537037,0.366000,3.150000,0.246000,3.762000
KB5_TrungLichManh,Hybrid,AHP,53,5000,1.500000,low,285,6190,64.800000,92.435897,59.691943,0.955723,100.000000,0.836000,3.209000,67.240000,71.285000
KB5_TrungLichManh,FIFO,-,54,5000,1.500000,low,0,1764,64.720000,63.366337,64.942930,0.999849,99.876543,0.000000,3.133000,0.169000,3.302000
KB5_TrungLichManh,Rule-based,-,54,5000,1.500000,low,240,1532,64.560000,71.004243,63.498719,0.996896,99.629630,0.312000,2.547000,0.635000,3.494000
KB5_TrungLichManh,TOPSIS,EWM,54,5000,1.500000,low,240,1532,64.560000,94.059406,59.701840,0.952446,99.629630,0.335000,4.139000,0.156000,4.630000
KB5_TrungLichManh,Hybrid,EWM,54,5000,1.500000,low,240,6280,64.800000,94.059406,59.981365,0.953342,100.000000,0.836000,3.598000,66.084000,70.518000
KB5_TrungLichManh,TOPSIS,AHP,54,5000,1.500000,low,240,1532,64.560000,94.059406,59.701840,0.952446,99.629630,0.216000,2.180000,0.151000,2.547000
KB5_TrungLichManh,Hybrid,AHP,54,5000,1.500000,low,240,6280,64.800000,94.059406,59.981365,0.953342,100.000000,0.712000,2.277000,66.440000,69.429000
KB5_TrungLichManh,FIFO,-,55,5000,1.500000,low,0,1761,64.780000,64.106145,64.892624,0.999963,99.969136,0.000000,4.344000,0.465000,4.809000
KB5_TrungLichManh,Rule-based,-,55,5000,1.500000,low,256,1511,64.660000,75.558659,62.838469,0.991623,99.783951,0.211000,2.618000,0.185000,3.014000
KB5_TrungLichManh,TOPSIS,EWM,55,5000,1.500000,low,256,1511,64.660000,94.692737,59.640523,0.950947,99.783951,0.375000,4.003000,0.188000,4.566000
KB5_TrungLichManh,Hybrid,EWM,55,5000,1.500000,low,256,6249,64.780000,94.692737,59.780579,0.951403,99.969136,1.199000,3.984000,63.515000,68.698000
KB5_TrungLichManh,TOPSIS,AHP,55,5000,1.500000,low,256,1511,64.660000,94.692737,59.640523,0.950947,99.783951,0.349000,3.773000,0.311000,4.433000
KB5_TrungLichManh,Hybrid,AHP,55,5000,1.500000,low,256,6248,64.800000,94.692737,59.803922,0.951479,100.000000,0.447000,3.819000,66.576000,70.842000
KB5_TrungLichManh,FIFO,-,56,5000,1.500000,low,0,1764,64.720000,63.451087,64.939024,0.999866,99.876543,0.000000,2.723000,0.204000,2.927000
KB5_TrungLichManh,Rule-based,-,56,5000,1.500000,low,251,1516,64.660000,72.146739,63.367730,0.995821,99.783951,0.508000,4.226000,0.255000,4.989000
KB5_TrungLichManh,TOPSIS,EWM,56,5000,1.500000,low,251,1516,64.660000,95.244565,59.380863,0.948950,99.783951,0.353000,2.587000,0.168000,3.108000
KB5_TrungLichManh,Hybrid,EWM,56,5000,1.500000,low,251,6258,64.800000,95.244565,59.545028,0.949495,100.000000,1.209000,3.885000,64.089000,69.183000
KB5_TrungLichManh,TOPSIS,AHP,56,5000,1.500000,low,251,1516,64.660000,95.244565,59.380863,0.948950,99.783951,0.226000,2.242000,0.132000,2.600000
KB5_TrungLichManh,Hybrid,AHP,56,5000,1.500000,low,251,6258,64.800000,95.244565,59.545028,0.949495,100.000000,0.950000,3.436000,71.530000,75.916000
KB5_TrungLichManh,FIFO,-,57,5000,1.500000,low,0,1761,64.780000,65.951743,64.574518,0.999889,99.969136,0.000000,4.259000,0.176000,4.435000
KB5_TrungLichManh,Rule-based,-,57,5000,1.500000,low,222,1543,64.700000,71.983914,63.422661,0.996018,99.845679,0.257000,3.345000,0.172000,3.774000
KB5_TrungLichManh,TOPSIS,EWM,57,5000,1.500000,low,222,1543,64.700000,96.380697,59.144335,0.945784,99.845679,0.583000,3.924000,0.300000,4.807000
KB5_TrungLichManh,Hybrid,EWM,57,5000,1.500000,low,222,6316,64.800000,96.380697,59.261871,0.946184,100.000000,0.654000,6.413000,74.881000,81.948000
KB5_TrungLichManh,TOPSIS,AHP,57,5000,1.500000,low,222,1543,64.700000,96.380697,59.144335,0.945784,99.845679,0.303000,2.898000,0.169000,3.370000
KB5_TrungLichManh,Hybrid,AHP,57,5000,1.500000,low,222,6316,64.800000,96.380697,59.261871,0.946184,100.000000,0.212000,3.759000,64.845000,68.816000
KB5_TrungLichManh,FIFO,-,58,5000,1.500000,low,0,1766,64.680000,66.042781,64.440263,0.999849,99.814815,0.000000,2.632000,0.167000,2.799000
KB5_TrungLichManh,Rule-based,-,58,5000,1.500000,low,244,1528,64.560000,69.518717,63.687676,0.998087,99.629630,1.000000,2.538000,0.181000,3.719000
KB5_TrungLichManh,TOPSIS,EWM,58,5000,1.500000,low,244,1528,64.560000,94.652406,59.266228,0.949799,99.629630,0.335000,4.383000,0.774000,5.492000
KB5_TrungLichManh,Hybrid,EWM,58,5000,1.500000,low,244,6272,64.800000,94.652406,59.548448,0.950729,100.000000,0.374000,4.957000,70.223000,75.554000
KB5_TrungLichManh,TOPSIS,AHP,58,5000,1.500000,low,244,1528,64.560000,94.652406,59.266228,0.949799,99.629630,0.300000,2.080000,0.156000,2.536000
KB5_TrungLichManh,Hybrid,AHP,58,5000,1.500000,low,244,6272,64.800000,94.652406,59.548448,0.950729,100.000000,0.344000,3.411000,63.392000,67.147000
KB5_TrungLichManh,FIFO,-,59,5000,1.500000,low,0,1770,64.600000,65.145228,64.507833,0.999976,99.691358,0.000000,2.935000,0.198000,3.133000
KB5_TrungLichManh,Rule-based,-,59,5000,1.500000,low,248,1527,64.500000,73.029046,63.058218,0.994660,99.537037,0.654000,4.399000,0.264000,5.317000
KB5_TrungLichManh,TOPSIS,EWM,59,5000,1.500000,low,248,1527,64.500000,95.573997,59.247136,0.947818,99.537037,0.448000,2.711000,0.142000,3.301000
KB5_TrungLichManh,Hybrid,EWM,59,5000,1.500000,low,248,6264,64.800000,95.573997,59.597849,0.948989,100.000000,0.561000,2.810000,66.133000,69.504000
KB5_TrungLichManh,TOPSIS,AHP,59,5000,1.500000,low,248,1527,64.500000,95.573997,59.247136,0.947818,99.537037,0.330000,3.409000,0.265000,4.004000
KB5_TrungLichManh,Hybrid,AHP,59,5000,1.500000,low,248,6264,64.800000,95.573997,59.597849,0.948989,100.000000,0.383000,2.764000,97.721000,100.868000
KB5_TrungLichManh,FIFO,-,60,5000,1.500000,low,0,1764,64.720000,62.962963,65.059666,0.999732,99.876543,0.000000,3.470000,0.194000,3.664000
KB5_TrungLichManh,Rule-based,-,60,5000,1.500000,low,263,1505,64.640000,72.222222,63.174224,0.995554,99.753086,0.813000,3.078000,0.181000,4.072000
KB5_TrungLichManh,TOPSIS,EWM,60,5000,1.500000,low,263,1505,64.640000,94.074074,58.949881,0.949951,99.753086,0.427000,4.401000,0.215000,5.043000
KB5_TrungLichManh,Hybrid,EWM,60,5000,1.500000,low,263,6234,64.800000,94.074074,59.140811,0.950584,100.000000,0.275000,3.296000,77.914000,81.485000
KB5_TrungLichManh,TOPSIS,AHP,60,5000,1.500000,low,263,1505,64.640000,94.074074,58.949881,0.949951,99.753086,0.256000,2.773000,0.193000,3.222000
KB5_TrungLichManh,Hybrid,AHP,60,5000,1.500000,low,263,6234,64.800000,94.074074,59.140811,0.950584,100.000000,0.573000,3.477000,89.847000,93.897000
KB5_TrungLichManh,FIFO,-,61,5000,1.500000,low,0,1764,64.720000,64.276885,64.805536,0.999983,99.876543,0.000000,3.113000,0.189000,3.302000
KB5_TrungLichManh,Rule-based,-,61,5000,1.500000,low,281,1490,64.580000,72.929543,62.968265,0.994656,99.660494,0.922000,3.962000,0.166000,5.050000
KB5_TrungLichManh,TOPSIS,EWM,61,5000,1.500000,low,281,1490,64.580000,94.684796,58.768790,0.948065,99.660494,0.334000,3.047000,0.375000,3.756000
KB5_TrungLichManh,Hybrid,EWM,61,5000,1.500000,low,281,6198,64.800000,94.684796,59.031257,0.948948,100.000000,0.259000,4.042000,67.208000,71.509000
KB5_TrungLichManh,TOPSIS,AHP,61,5000,1.500000,low,281,1490,64.580000,94.684796,58.768790,0.948065,99.660494,0.221000,1.989000,0.540000,2.750000
KB5_TrungLichManh,Hybrid,AHP,61,5000,1.500000,low,281,6198,64.800000,94.684796,59.031257,0.948948,100.000000,0.204000,2.511000,65.026000,67.741000
KB5_TrungLichManh,FIFO,-,62,5000,1.500000,low,0,1764,64.720000,63.670886,64.916865,0.999906,99.876543,0.000000,2.432000,0.131000,2.563000
KB5_TrungLichManh,Rule-based,-,62,5000,1.500000,low,276,1492,64.640000,69.620253,63.705463,0.998036,99.753086,0.551000,2.279000,0.129000,2.959000
KB5_TrungLichManh,TOPSIS,EWM,62,5000,1.500000,low,276,1492,64.640000,95.189873,58.907363,0.947474,99.753086,0.189000,2.989000,0.204000,3.382000
KB5_TrungLichManh,Hybrid,EWM,62,5000,1.500000,low,276,6208,64.800000,95.189873,59.097387,0.948116,100.000000,0.340000,2.511000,65.677000,68.528000
KB5_TrungLichManh,TOPSIS,AHP,62,5000,1.500000,low,276,1492,64.640000,95.189873,58.907363,0.947474,99.753086,0.323000,2.353000,0.135000,2.811000
KB5_TrungLichManh,Hybrid,AHP,62,5000,1.500000,low,276,6208,64.800000,95.189873,59.097387,0.948116,100.000000,0.197000,2.536000,68.704000,71.437000
KB5_TrungLichManh,FIFO,-,63,5000,1.500000,low,0,1763,64.740000,66.805556,64.392523,0.999662,99.907407,0.000000,3.989000,0.280000,4.269000
KB5_TrungLichManh,Rule-based,-,63,5000,1.500000,low,252,1521,64.540000,72.638889,63.177570,0.995171,99.598765,0.495000,2.657000,0.534000,3.686000
KB5_TrungLichManh,TOPSIS,EWM,63,5000,1.500000,low,252,1521,64.540000,94.444444,59.509346,0.951029,99.598765,0.227000,3.705000,0.239000,4.171000
KB5_TrungLichManh,Hybrid,EWM,63,5000,1.500000,low,252,6256,64.800000,94.444444,59.813084,0.952017,100.000000,1.025000,3.207000,65.286000,69.518000
KB5_TrungLichManh,TOPSIS,AHP,63,5000,1.500000,low,252,1521,64.540000,94.444444,59.509346,0.951029,99.598765,0.788000,2.236000,0.150000,3.174000
KB5_TrungLichManh,Hybrid,AHP,63,5000,1.500000,low,252,6256,64.800000,94.444444,59.813084,0.952017,100.000000,0.337000,3.489000,64.898000,68.724000
KB5_TrungLichManh,FIFO,-,64,5000,1.500000,low,0,1772,64.560000,65.161290,64.449704,0.999970,99.629630,0.000000,2.568000,0.201000,2.769000
KB5_TrungLichManh,Rule-based,-,64,5000,1.500000,low,260,1516,64.480000,72.645161,62.982249,0.994950,99.506173,0.576000,2.538000,0.147000,3.261000
KB5_TrungLichManh,TOPSIS,EWM,64,5000,1.500000,low,260,1516,64.480000,94.322581,59.005917,0.949619,99.506173,0.242000,2.374000,0.142000,2.758000
KB5_TrungLichManh,Hybrid,EWM,64,5000,1.500000,low,260,6240,64.800000,94.322581,59.384615,0.950872,100.000000,0.612000,4.081000,66.746000,71.439000
KB5_TrungLichManh,TOPSIS,AHP,64,5000,1.500000,low,260,1516,64.480000,94.322581,59.005917,0.949619,99.506173,0.301000,2.471000,0.137000,2.909000
KB5_TrungLichManh,Hybrid,AHP,64,5000,1.500000,low,260,6240,64.800000,94.322581,59.384615,0.950872,100.000000,0.864000,2.902000,61.839000,65.605000
KB5_TrungLichManh,FIFO,-,65,5000,1.500000,low,0,1762,64.760000,63.287671,65.011710,0.999819,99.938272,0.000000,2.807000,0.133000,2.940000
KB5_TrungLichManh,Rule-based,-,65,5000,1.500000,low,252,1514,64.680000,72.602740,63.325527,0.995363,99.814815,0.300000,2.297000,0.125000,2.722000
KB5_TrungLichManh,TOPSIS,EWM,65,5000,1.500000,low,252,1514,64.680000,95.616438,59.391101,0.948213,99.814815,0.817000,2.742000,0.145000,3.704000
KB5_TrungLichManh,Hybrid,EWM,65,5000,1.500000,low,252,6256,64.800000,95.616438,59.531616,0.948681,100.000000,0.199000,4.357000,65.972000,70.528000
KB5_TrungLichManh,TOPSIS,AHP,65,5000,1.500000,low,252,1514,64.680000,95.616438,59.391101,0.948213,99.814815,0.227000,2.615000,0.143000,2.985000
KB5_TrungLichManh,Hybrid,AHP,65,5000,1.500000,low,252,6256,64.800000,95.616438,59.531616,0.948681,100.000000,0.218000,2.103000,61.112000,63.433000
KB5_TrungLichManh,FIFO,-,66,5000,1.500000,low,0,1760,64.800000,62.213740,65.282392,0.999421,100.000000,0.000000,2.504000,0.165000,2.669000
KB5_TrungLichManh,Rule-based,-,66,5000,1.500000,low,227,1533,64.800000,71.882952,63.478880,0.996160,100.000000,0.870000,2.563000,0.199000,3.632000
KB5_TrungLichManh,TOPSIS,EWM,66,5000,1.500000,low,227,1533,64.800000,95.419847,59.088752,0.947606,100.000000,0.246000,2.388000,0.589000,3.223000
KB5_TrungLichManh,Hybrid,EWM,66,5000,1.500000,low,227,6306,64.800000,95.419847,59.088752,0.947606,100.000000,0.294000,2.472000,64.129000,66.895000
KB5_TrungLichManh,TOPSIS,AHP,66,5000,1.500000,low,227,1533,64.800000,95.419847,59.088752,0.947606,100.000000,0.309000,2.215000,0.125000,2.649000
KB5_TrungLichManh,Hybrid,AHP,66,5000,1.500000,low,227,6306,64.800000,95.419847,59.088752,0.947606,100.000000,0.746000,2.300000,64.654000,67.700000
KB5_TrungLichManh,FIFO,-,67,5000,1.500000,low,0,1775,64.500000,64.092141,64.570624,0.999986,99.537037,0.000000,3.438000,0.212000,3.650000
KB5_TrungLichManh,Rule-based,-,67,5000,1.500000,low,235,1547,64.360000,71.544715,63.115908,0.996097,99.320988,0.326000,4.636000,0.324000,5.286000
KB5_TrungLichManh,TOPSIS,EWM,67,5000,1.500000,low,235,1547,64.360000,95.257453,59.009855,0.947679,99.320988,0.345000,4.236000,0.145000,4.726000
KB5_TrungLichManh,Hybrid,EWM,67,5000,1.500000,low,235,6290,64.800000,95.257453,59.526044,0.949406,100.000000,0.296000,4.098000,63.471000,67.865000
KB5_TrungLichManh,TOPSIS,AHP,67,5000,1.500000,low,235,1547,64.360000,95.257453,59.009855,0.947679,99.320988,0.296000,2.997000,0.767000,4.060000
KB5_TrungLichManh,Hybrid,AHP,67,5000,1.500000,low,235,6290,64.800000,95.257453,59.526044,0.949406,100.000000,0.341000,2.826000,63.258000,66.425000
KB5_TrungLichManh,FIFO,-,68,5000,1.500000,low,0,1774,64.520000,63.129973,64.766839,0.999836,99.567901,0.000000,2.727000,0.207000,2.934000
KB5_TrungLichManh,Rule-based,-,68,5000,1.500000,low,251,1527,64.440000,71.750663,63.141780,0.995943,99.444444,0.472000,3.090000,0.139000,3.701000
KB5_TrungLichManh,TOPSIS,EWM,68,5000,1.500000,low,251,1527,64.440000,95.225464,58.973151,0.947622,99.444444,0.217000,2.450000,0.139000,2.806000
KB5_TrungLichManh,Hybrid,EWM,68,5000,1.500000,low,251,6259,64.780000,95.225464,59.373528,0.948966,99.969136,0.490000,2.709000,63.234000,66.433000
KB5_TrungLichManh,TOPSIS,AHP,68,5000,1.500000,low,251,1527,64.440000,95.225464,58.973151,0.947622,99.444444,0.308000,3.173000,0.248000,3.729000
KB5_TrungLichManh,Hybrid,AHP,68,5000,1.500000,low,251,6259,64.780000,95.225464,59.373528,0.948966,99.969136,0.549000,2.827000,61.251000,64.627000
KB5_TrungLichManh,FIFO,-,69,5000,1.500000,low,0,1773,64.540000,66.529492,64.200421,0.999683,99.598765,0.000000,2.542000,0.163000,2.705000
KB5_TrungLichManh,Rule-based,-,69,5000,1.500000,low,233,1551,64.320000,72.427984,62.936081,0.995107,99.259259,0.391000,3.871000,0.259000,4.521000
KB5_TrungLichManh,TOPSIS,EWM,69,5000,1.500000,low,233,1551,64.320000,95.610425,58.979162,0.946836,99.259259,0.757000,3.392000,0.256000,4.405000
KB5_TrungLichManh,Hybrid,EWM,69,5000,1.500000,low,233,6294,64.800000,95.610425,59.541091,0.948725,100.000000,0.803000,3.952000,61.445000,66.200000
KB5_TrungLichManh,TOPSIS,AHP,69,5000,1.500000,low,233,1551,64.320000,95.610425,58.979162,0.946836,99.259259,0.556000,2.075000,0.165000,2.796000
KB5_TrungLichManh,Hybrid,AHP,69,5000,1.500000,low,233,6294,64.800000,95.610425,59.541091,0.948725,100.000000,0.216000,3.317000,61.337000,64.870000
KB5_TrungLichManh,FIFO,-,70,5000,1.500000,low,0,1762,64.760000,64.257028,64.848342,0.999979,99.938272,0.000000,2.586000,0.160000,2.746000
KB5_TrungLichManh,Rule-based,-,70,5000,1.500000,low,214,1554,64.640000,73.226238,63.131907,0.994550,99.753086,0.231000,2.328000,0.133000,2.692000
KB5_TrungLichManh,TOPSIS,EWM,70,5000,1.500000,low,214,1554,64.640000,94.912985,59.322831,0.949446,99.753086,0.548000,2.809000,0.123000,3.480000
KB5_TrungLichManh,Hybrid,EWM,70,5000,1.500000,low,214,6332,64.800000,94.912985,59.510933,0.950068,100.000000,0.175000,2.458000,62.232000,64.865000
KB5_TrungLichManh,TOPSIS,AHP,70,5000,1.500000,low,214,1554,64.640000,94.912985,59.322831,0.949446,99.753086,0.190000,2.791000,0.136000,3.117000
KB5_TrungLichManh,Hybrid,AHP,70,5000,1.500000,low,214,6332,64.800000,94.912985,59.510933,0.950068,100.000000,0.178000,3.667000,60.540000,64.385000
KB5_TrungLichManh,FIFO,-,71,5000,1.500000,low,0,1780,64.400000,64.123159,64.448625,0.999994,99.382716,0.000000,3.043000,0.169000,3.212000
KB5_TrungLichManh,Rule-based,-,71,5000,1.500000,low,274,1513,64.260000,73.092369,62.708676,0.994187,99.166667,0.209000,2.216000,0.400000,2.825000
KB5_TrungLichManh,TOPSIS,EWM,71,5000,1.500000,low,274,1513,64.260000,93.172691,59.181754,0.952585,99.166667,0.184000,3.788000,0.310000,4.282000
KB5_TrungLichManh,Hybrid,EWM,71,5000,1.500000,low,274,6212,64.800000,93.172691,59.816600,0.954621,100.000000,0.720000,3.313000,69.789000,73.822000
KB5_TrungLichManh,TOPSIS,AHP,71,5000,1.500000,low,274,1513,64.260000,93.172691,59.181754,0.952585,99.166667,0.518000,2.800000,0.242000,3.560000
KB5_TrungLichManh,Hybrid,AHP,71,5000,1.500000,low,274,6212,64.800000,93.172691,59.816600,0.954621,100.000000,1.147000,2.685000,70.948000,74.780000
KB6_NhieuSVNamCuoi,FIFO,-,42,5000,1.500000,low,0,1764,64.720000,64.886878,64.587814,0.999995,99.876543,0.000000,2.660000,0.175000,2.835000
KB6_NhieuSVNamCuoi,Rule-based,-,42,5000,1.500000,low,235,1534,64.620000,69.366516,60.860215,0.995752,99.722222,0.463000,3.099000,0.147000,3.709000
KB6_NhieuSVNamCuoi,TOPSIS,EWM,42,5000,1.500000,low,235,1534,64.620000,95.113122,40.465950,0.860244,99.722222,0.482000,4.452000,0.337000,5.271000
KB6_NhieuSVNamCuoi,Hybrid,EWM,42,5000,1.500000,low,235,6290,64.800000,95.429864,40.537634,0.859855,100.000000,0.446000,4.440000,76.957000,81.843000
KB6_NhieuSVNamCuoi,TOPSIS,AHP,42,5000,1.500000,low,235,1534,64.620000,94.886878,40.645161,0.861942,99.722222,0.554000,3.777000,0.302000,4.633000
KB6_NhieuSVNamCuoi,Hybrid,AHP,42,5000,1.500000,low,235,6290,64.800000,95.248869,40.681004,0.861211,100.000000,0.484000,2.660000,70.158000,73.302000
KB6_NhieuSVNamCuoi,FIFO,-,43,5000,1.500000,low,0,1762,64.760000,63.855422,65.494744,0.999839,99.938272,0.000000,3.084000,0.164000,3.248000
KB6_NhieuSVNamCuoi,Rule-based,-,43,5000,1.500000,low,249,1518,64.660000,69.031682,61.109097,0.996308,99.783951,0.648000,2.798000,0.166000,3.612000
KB6_NhieuSVNamCuoi,TOPSIS,EWM,43,5000,1.500000,low,249,1518,64.660000,94.288264,40.594418,0.863210,99.783951,0.413000,4.581000,0.210000,5.204000
KB6_NhieuSVNamCuoi,Hybrid,EWM,43,5000,1.500000,low,249,6262,64.800000,94.689871,40.521928,0.861703,100.000000,0.329000,2.788000,78.638000,81.755000
KB6_NhieuSVNamCuoi,TOPSIS,AHP,43,5000,1.500000,low,249,1518,64.660000,93.931281,40.884378,0.865933,99.783951,0.251000,2.484000,0.150000,2.885000
KB6_NhieuSVNamCuoi,Hybrid,AHP,43,5000,1.500000,low,249,6262,64.800000,94.422133,40.739398,0.863746,100.000000,0.445000,3.993000,78.221000,82.659000
KB6_NhieuSVNamCuoi,FIFO,-,44,5000,1.500000,low,0,1764,64.720000,64.546685,64.858067,0.999994,99.876543,0.000000,4.421000,0.166000,4.587000
KB6_NhieuSVNamCuoi,Rule-based,-,44,5000,1.500000,low,253,1513,64.680000,69.508345,60.833633,0.995590,99.814815,0.874000,2.672000,0.144000,3.690000
KB6_NhieuSVNamCuoi,TOPSIS,EWM,44,5000,1.500000,low,253,1513,64.680000,94.497068,40.927057,0.864695,99.814815,0.216000,4.627000,0.155000,4.998000
KB6_NhieuSVNamCuoi,Hybrid,EWM,44,5000,1.500000,low,253,6254,64.800000,94.722598,40.962990,0.864319,100.000000,0.845000,3.319000,75.798000,79.962000
KB6_NhieuSVNamCuoi,TOPSIS,AHP,44,5000,1.500000,low,253,1513,64.680000,94.136220,41.214517,0.867394,99.814815,0.360000,2.970000,0.160000,3.490000
KB6_NhieuSVNamCuoi,Hybrid,AHP,44,5000,1.500000,low,253,6254,64.800000,94.542174,41.106719,0.865668,100.000000,0.466000,3.057000,77.487000,81.010000
KB6_NhieuSVNamCuoi,FIFO,-,45,5000,1.500000,low,0,1772,64.560000,64.046895,64.998146,0.999946,99.629630,0.000000,3.768000,0.174000,3.942000
KB6_NhieuSVNamCuoi,Rule-based,-,45,5000,1.500000,low,245,1534,64.420000,69.127225,60.400445,0.995481,99.413580,0.267000,3.721000,0.221000,4.209000
KB6_NhieuSVNamCuoi,TOPSIS,EWM,45,5000,1.500000,low,245,1534,64.420000,94.007816,39.154616,0.854932,99.413580,0.320000,4.086000,0.263000,4.669000
KB6_NhieuSVNamCuoi,Hybrid,EWM,45,5000,1.500000,low,245,6270,64.800000,94.528875,39.414164,0.855202,100.000000,0.367000,3.147000,73.253000,76.767000
KB6_NhieuSVNamCuoi,TOPSIS,AHP,45,5000,1.500000,low,245,1534,64.420000,93.747286,39.377086,0.857042,99.413580,0.200000,2.839000,0.146000,3.185000
KB6_NhieuSVNamCuoi,Hybrid,AHP,45,5000,1.500000,low,245,6270,64.800000,94.268346,39.636633,0.857299,100.000000,0.810000,3.984000,69.225000,74.019000
KB6_NhieuSVNamCuoi,FIFO,-,46,5000,1.500000,low,0,1767,64.660000,64.703217,64.625850,1.000000,99.783951,0.000000,3.433000,0.162000,3.595000
KB6_NhieuSVNamCuoi,Rule-based,-,46,5000,1.500000,low,225,1548,64.540000,70.276393,60.007161,0.993825,99.598765,0.220000,3.270000,0.156000,3.646000
KB6_NhieuSVNamCuoi,TOPSIS,EWM,46,5000,1.500000,low,225,1548,64.540000,95.876756,39.778016,0.853959,99.598765,0.209000,3.711000,0.294000,4.214000
KB6_NhieuSVNamCuoi,Hybrid,EWM,46,5000,1.500000,low,225,6310,64.800000,96.103308,40.064447,0.855163,100.000000,0.468000,3.242000,67.761000,71.471000
KB6_NhieuSVNamCuoi,TOPSIS,AHP,46,5000,1.500000,low,225,1548,64.540000,95.333031,40.207662,0.858067,99.598765,0.289000,2.531000,0.132000,2.952000
KB6_NhieuSVNamCuoi,Hybrid,AHP,46,5000,1.500000,low,225,6310,64.800000,95.786135,40.315073,0.857548,100.000000,0.555000,3.068000,67.971000,71.594000
KB6_NhieuSVNamCuoi,FIFO,-,47,5000,1.500000,low,0,1766,64.680000,65.050240,64.367392,0.999972,99.814815,0.000000,2.787000,0.163000,2.950000
KB6_NhieuSVNamCuoi,Rule-based,-,47,5000,1.500000,low,265,1507,64.560000,69.899519,60.051641,0.994290,99.629630,0.406000,4.071000,0.376000,4.853000
KB6_NhieuSVNamCuoi,TOPSIS,EWM,47,5000,1.500000,low,265,1507,64.560000,94.189602,39.542604,0.856914,99.629630,0.347000,3.032000,0.561000,3.940000
KB6_NhieuSVNamCuoi,Hybrid,EWM,47,5000,1.500000,low,265,6230,64.800000,94.757536,39.505717,0.855178,100.000000,0.329000,2.777000,65.398000,68.504000
KB6_NhieuSVNamCuoi,TOPSIS,AHP,47,5000,1.500000,low,265,1507,64.560000,93.796418,39.874585,0.860048,99.629630,0.866000,2.075000,0.134000,3.075000
KB6_NhieuSVNamCuoi,Hybrid,AHP,47,5000,1.500000,low,265,6230,64.800000,94.408038,39.800812,0.857962,100.000000,0.868000,2.442000,64.112000,67.422000
KB6_NhieuSVNamCuoi,FIFO,-,48,5000,1.500000,low,0,1764,64.720000,65.515695,64.079422,0.999877,99.876543,0.000000,3.253000,0.157000,3.410000
KB6_NhieuSVNamCuoi,Rule-based,-,48,5000,1.500000,low,259,1516,64.500000,69.730942,60.288809,0.994754,99.537037,0.206000,3.315000,0.146000,3.667000
KB6_NhieuSVNamCuoi,TOPSIS,EWM,48,5000,1.500000,low,259,1516,64.500000,94.170404,40.613718,0.863641,99.537037,0.213000,2.476000,0.177000,2.866000
KB6_NhieuSVNamCuoi,Hybrid,EWM,48,5000,1.500000,low,259,6242,64.800000,94.529148,40.866426,0.864240,100.000000,0.353000,3.243000,67.716000,71.312000
KB6_NhieuSVNamCuoi,TOPSIS,AHP,48,5000,1.500000,low,259,1516,64.500000,93.587444,41.083032,0.868055,99.537037,0.342000,2.664000,0.133000,3.139000
KB6_NhieuSVNamCuoi,Hybrid,AHP,48,5000,1.500000,low,259,6242,64.800000,94.304933,41.046931,0.865932,100.000000,0.846000,3.489000,67.252000,71.587000
KB6_NhieuSVNamCuoi,FIFO,-,49,5000,1.500000,low,0,1762,64.760000,64.561078,64.910432,0.999993,99.938272,0.000000,2.707000,0.217000,2.924000
KB6_NhieuSVNamCuoi,Rule-based,-,49,5000,1.500000,low,263,1506,64.620000,68.323270,61.819459,0.997509,99.722222,0.722000,3.552000,0.277000,4.551000
KB6_NhieuSVNamCuoi,TOPSIS,EWM,49,5000,1.500000,low,263,1506,64.620000,94.194148,42.255005,0.873444,99.722222,0.460000,3.525000,0.197000,4.182000
KB6_NhieuSVNamCuoi,Hybrid,EWM,49,5000,1.500000,low,263,6234,64.800000,94.519275,42.325255,0.873001,100.000000,0.215000,2.643000,66.712000,69.570000
KB6_NhieuSVNamCuoi,TOPSIS,AHP,49,5000,1.500000,low,263,1506,64.620000,94.054807,42.360379,0.874430,99.722222,0.303000,2.793000,0.207000,3.303000
KB6_NhieuSVNamCuoi,Hybrid,AHP,49,5000,1.500000,low,263,6234,64.800000,94.379935,42.430629,0.873984,100.000000,0.318000,2.292000,68.126000,70.736000
KB6_NhieuSVNamCuoi,FIFO,-,50,5000,1.500000,low,0,1769,64.620000,63.668276,65.417126,0.999816,99.722222,0.000000,2.895000,0.203000,3.098000
KB6_NhieuSVNamCuoi,Rule-based,-,50,5000,1.500000,low,264,1513,64.460000,69.591926,60.161705,0.994746,99.475309,0.266000,2.475000,0.134000,2.875000
KB6_NhieuSVNamCuoi,TOPSIS,EWM,50,5000,1.500000,low,264,1513,64.460000,93.242650,40.352811,0.864504,99.475309,0.307000,2.958000,0.194000,3.459000
KB6_NhieuSVNamCuoi,Hybrid,EWM,50,5000,1.500000,low,264,6232,64.800000,94.515138,39.911797,0.858374,100.000000,0.499000,3.986000,67.515000,72.000000
KB6_NhieuSVNamCuoi,TOPSIS,AHP,50,5000,1.500000,low,264,1513,64.460000,92.672225,40.830577,0.868967,99.475309,0.216000,2.939000,0.192000,3.347000
KB6_NhieuSVNamCuoi,Hybrid,AHP,50,5000,1.500000,low,264,6233,64.780000,94.076349,40.242558,0.861599,99.969136,0.709000,3.265000,73.423000,77.397000
KB6_NhieuSVNamCuoi,FIFO,-,51,5000,1.500000,low,0,1766,64.680000,63.661078,65.485141,0.999801,99.814815,0.000000,2.678000,0.162000,2.840000
KB6_NhieuSVNamCuoi,Rule-based,-,51,5000,1.500000,low,254,1519,64.540000,68.237426,61.618332,0.997409,99.598765,0.211000,2.648000,0.473000,3.332000
KB6_NhieuSVNamCuoi,TOPSIS,EWM,51,5000,1.500000,low,254,1519,64.540000,94.290893,41.031149,0.865873,99.598765,0.262000,3.132000,0.172000,3.566000
KB6_NhieuSVNamCuoi,Hybrid,EWM,51,5000,1.500000,low,254,6252,64.800000,94.789307,41.102757,0.864993,100.000000,0.311000,3.862000,67.480000,71.653000
KB6_NhieuSVNamCuoi,TOPSIS,AHP,51,5000,1.500000,low,254,1519,64.540000,94.019030,41.245972,0.867895,99.598765,0.289000,2.402000,0.354000,3.045000
KB6_NhieuSVNamCuoi,Hybrid,AHP,51,5000,1.500000,low,254,6252,64.800000,94.653376,41.210168,0.866002,100.000000,0.209000,3.036000,67.430000,70.675000
KB6_NhieuSVNamCuoi,FIFO,-,52,5000,1.500000,low,0,1766,64.680000,65.948086,63.623029,0.999678,99.814815,0.000000,3.278000,0.149000,3.427000
KB6_NhieuSVNamCuoi,Rule-based,-,52,5000,1.500000,low,257,1514,64.580000,70.611527,59.552622,0.992833,99.660494,0.230000,3.113000,0.157000,3.500000
KB6_NhieuSVNamCuoi,TOPSIS,EWM,52,5000,1.500000,low,257,1514,64.580000,94.324681,39.787312,0.858098,99.660494,0.214000,3.075000,0.207000,3.496000
KB6_NhieuSVNamCuoi,Hybrid,EWM,52,5000,1.500000,low,257,6246,64.800000,94.808623,39.787312,0.856819,100.000000,0.230000,3.136000,68.194000,71.560000
KB6_NhieuSVNamCuoi,TOPSIS,AHP,52,5000,1.500000,low,257,1514,64.580000,93.532776,40.447378,0.864312,99.660494,0.310000,2.800000,0.137000,3.247000
KB6_NhieuSVNamCuoi,Hybrid,AHP,52,5000,1.500000,low,257,6246,64.800000,94.368676,40.154015,0.860273,100.000000,0.786000,2.975000,67.398000,71.159000
KB6_NhieuSVNamCuoi,FIFO,-,53,5000,1.500000,low,0,1769,64.620000,63.657091,65.372284,0.999823,99.722222,0.000000,2.666000,0.152000,2.818000
KB6_NhieuSVNamCuoi,Rule-based,-,53,5000,1.500000,low,251,1523,64.520000,70.816233,59.600998,0.992659,99.567901,0.593000,2.491000,0.157000,3.241000
KB6_NhieuSVNamCuoi,TOPSIS,EWM,53,5000,1.500000,low,251,1523,64.520000,94.938440,40.755255,0.862482,99.567901,0.241000,3.690000,0.196000,4.127000
KB6_NhieuSVNamCuoi,Hybrid,EWM,53,5000,1.500000,low,251,6258,64.800000,95.394437,40.897756,0.862157,100.000000,0.221000,2.549000,65.954000,68.724000
KB6_NhieuSVNamCuoi,TOPSIS,AHP,53,5000,1.500000,low,251,1523,64.520000,94.528044,41.075882,0.865519,99.567901,0.301000,2.656000,0.138000,3.095000
KB6_NhieuSVNamCuoi,Hybrid,AHP,53,5000,1.500000,low,251,6258,64.800000,95.212038,41.040257,0.863503,100.000000,0.335000,3.397000,64.869000,68.601000
KB6_NhieuSVNamCuoi,FIFO,-,54,5000,1.500000,low,0,1769,64.620000,64.550265,64.677892,0.999999,99.722222,0.000000,3.595000,0.203000,3.798000
KB6_NhieuSVNamCuoi,Rule-based,-,54,5000,1.500000,low,265,1508,64.540000,69.400353,60.505124,0.995333,99.598765,0.232000,4.503000,0.199000,4.934000
KB6_NhieuSVNamCuoi,TOPSIS,EWM,54,5000,1.500000,low,265,1508,64.540000,93.827160,40.226940,0.862164,99.598765,0.238000,4.041000,0.307000,4.586000
KB6_NhieuSVNamCuoi,Hybrid,EWM,54,5000,1.500000,low,265,6230,64.800000,94.532628,40.117130,0.859610,100.000000,0.538000,3.311000,66.104000,69.953000
KB6_NhieuSVNamCuoi,TOPSIS,AHP,54,5000,1.500000,low,265,1508,64.540000,93.386243,40.592972,0.865600,99.598765,0.628000,2.826000,0.150000,3.604000
KB6_NhieuSVNamCuoi,Hybrid,AHP,54,5000,1.500000,low,265,6230,64.800000,94.356261,40.263543,0.860987,100.000000,0.384000,3.055000,66.422000,69.861000
KB6_NhieuSVNamCuoi,FIFO,-,55,5000,1.500000,low,0,1761,64.780000,63.212670,66.021505,0.999528,99.969136,0.000000,3.318000,0.198000,3.516000
KB6_NhieuSVNamCuoi,Rule-based,-,55,5000,1.500000,low,246,1527,64.540000,69.502262,60.609319,0.995350,99.598765,0.241000,3.170000,0.153000,3.564000
KB6_NhieuSVNamCuoi,TOPSIS,EWM,55,5000,1.500000,low,246,1527,64.540000,95.158371,40.286738,0.859016,99.598765,0.201000,3.069000,0.163000,3.433000
KB6_NhieuSVNamCuoi,Hybrid,EWM,55,5000,1.500000,low,246,6268,64.800000,95.475113,40.501792,0.859516,100.000000,0.304000,3.600000,65.928000,69.832000
KB6_NhieuSVNamCuoi,TOPSIS,AHP,55,5000,1.500000,low,246,1527,64.540000,94.886878,40.501792,0.861060,99.598765,0.614000,2.346000,0.140000,3.100000
KB6_NhieuSVNamCuoi,Hybrid,AHP,55,5000,1.500000,low,246,6268,64.800000,95.203620,40.716846,0.861550,100.000000,0.974000,2.514000,65.513000,69.001000
KB6_NhieuSVNamCuoi,FIFO,-,56,5000,1.500000,low,0,1769,64.620000,64.156080,64.985694,0.999959,99.722222,0.000000,2.686000,0.145000,2.831000
KB6_NhieuSVNamCuoi,Rule-based,-,56,5000,1.500000,low,246,1529,64.500000,69.101633,60.872675,0.996008,99.537037,0.289000,3.430000,0.137000,3.856000
KB6_NhieuSVNamCuoi,TOPSIS,EWM,56,5000,1.500000,low,246,1529,64.500000,93.965517,41.273247,0.868201,99.537037,0.193000,4.633000,0.260000,5.086000
KB6_NhieuSVNamCuoi,Hybrid,EWM,56,5000,1.500000,low,246,6269,64.780000,94.600726,41.273247,0.866522,99.969136,0.511000,3.971000,65.794000,70.276000
KB6_NhieuSVNamCuoi,TOPSIS,AHP,56,5000,1.500000,low,246,1529,64.500000,93.421053,41.702432,0.872221,99.537037,0.943000,3.230000,0.525000,4.698000
KB6_NhieuSVNamCuoi,Hybrid,AHP,56,5000,1.500000,low,246,6268,64.800000,94.419238,41.452074,0.868078,100.000000,0.198000,2.809000,65.620000,68.627000
KB6_NhieuSVNamCuoi,FIFO,-,57,5000,1.500000,low,0,1775,64.500000,63.258786,65.468138,0.999706,99.537037,0.000000,2.580000,0.176000,2.756000
KB6_NhieuSVNamCuoi,Rule-based,-,57,5000,1.500000,low,268,1518,64.280000,68.644455,60.875756,0.996415,99.197531,0.275000,2.542000,0.159000,2.976000
KB6_NhieuSVNamCuoi,TOPSIS,EWM,57,5000,1.500000,low,268,1518,64.280000,94.066636,41.046636,0.866561,99.197531,0.511000,4.105000,0.314000,4.930000
KB6_NhieuSVNamCuoi,Hybrid,EWM,57,5000,1.500000,low,268,6227,64.740000,94.979461,41.153435,0.864801,99.907407,0.215000,3.267000,67.746000,71.228000
KB6_NhieuSVNamCuoi,TOPSIS,AHP,57,5000,1.500000,low,268,1518,64.280000,93.884071,41.189035,0.867908,99.197531,0.301000,3.601000,0.237000,4.139000
KB6_NhieuSVNamCuoi,Hybrid,AHP,57,5000,1.500000,low,268,6226,64.760000,94.842538,41.295835,0.866022,99.938272,0.329000,2.891000,63.353000,66.573000
KB6_NhieuSVNamCuoi,FIFO,-,58,5000,1.500000,low,0,1770,64.600000,65.004374,64.259396,0.999967,99.691358,0.000000,2.446000,0.140000,2.586000
KB6_NhieuSVNamCuoi,Rule-based,-,58,5000,1.500000,low,272,1510,64.360000,69.728784,59.837878,0.994206,99.320988,0.671000,2.914000,0.121000,3.706000
KB6_NhieuSVNamCuoi,TOPSIS,EWM,58,5000,1.500000,low,272,1510,64.360000,94.181977,39.240973,0.855020,99.320988,0.323000,2.548000,0.137000,3.008000
KB6_NhieuSVNamCuoi,Hybrid,EWM,58,5000,1.500000,low,272,6216,64.800000,94.400700,39.867354,0.858399,100.000000,0.692000,2.720000,63.814000,67.226000
KB6_NhieuSVNamCuoi,TOPSIS,AHP,58,5000,1.500000,low,272,1510,64.360000,93.700787,39.646279,0.858869,99.320988,0.310000,2.866000,0.141000,3.317000
KB6_NhieuSVNamCuoi,Hybrid,AHP,58,5000,1.500000,low,272,6216,64.800000,94.225722,40.014738,0.859784,100.000000,0.318000,2.695000,62.338000,65.351000
KB6_NhieuSVNamCuoi,FIFO,-,59,5000,1.500000,low,0,1767,64.660000,63.624101,65.489914,0.999791,99.783951,0.000000,2.465000,0.150000,2.615000
KB6_NhieuSVNamCuoi,Rule-based,-,59,5000,1.500000,low,229,1545,64.520000,70.278777,59.906340,0.993692,99.567901,0.822000,2.365000,0.163000,3.350000
KB6_NhieuSVNamCuoi,TOPSIS,EWM,59,5000,1.500000,low,229,1545,64.520000,95.368705,39.805476,0.855460,99.567901,0.329000,3.006000,0.188000,3.523000
KB6_NhieuSVNamCuoi,Hybrid,EWM,59,5000,1.500000,low,229,6302,64.800000,95.593525,40.129683,0.856899,100.000000,0.311000,2.984000,64.045000,67.340000
KB6_NhieuSVNamCuoi,TOPSIS,AHP,59,5000,1.500000,low,229,1545,64.520000,94.739209,40.309798,0.860262,99.567901,0.395000,2.378000,0.172000,2.945000
KB6_NhieuSVNamCuoi,Hybrid,AHP,59,5000,1.500000,low,229,6302,64.800000,95.233813,40.417867,0.859630,100.000000,0.384000,2.356000,65.820000,68.560000
KB6_NhieuSVNamCuoi,FIFO,-,60,5000,1.500000,low,0,1764,64.720000,64.967320,64.510166,0.999988,99.876543,0.000000,2.692000,0.225000,2.917000
KB6_NhieuSVNamCuoi,Rule-based,-,60,5000,1.500000,low,259,1512,64.580000,69.411765,60.480591,0.995295,99.660494,0.480000,2.504000,0.140000,3.124000
KB6_NhieuSVNamCuoi,TOPSIS,EWM,60,5000,1.500000,low,259,1512,64.580000,94.161220,39.482440,0.856609,99.660494,0.200000,2.577000,0.188000,2.965000
KB6_NhieuSVNamCuoi,Hybrid,EWM,60,5000,1.500000,low,259,6242,64.800000,94.596950,39.519409,0.855688,100.000000,0.742000,2.845000,61.979000,65.566000
KB6_NhieuSVNamCuoi,TOPSIS,AHP,60,5000,1.500000,low,259,1512,64.580000,93.638344,39.926063,0.860792,99.660494,0.200000,3.497000,0.138000,3.835000
KB6_NhieuSVNamCuoi,Hybrid,AHP,60,5000,1.500000,low,259,6242,64.800000,94.422658,39.667283,0.857083,100.000000,0.211000,2.864000,65.558000,68.633000
KB6_NhieuSVNamCuoi,FIFO,-,61,5000,1.500000,low,0,1779,64.420000,64.112554,64.684015,0.999980,99.413580,0.000000,2.725000,0.171000,2.896000
KB6_NhieuSVNamCuoi,Rule-based,-,61,5000,1.500000,low,262,1527,64.220000,69.956710,59.293680,0.993240,99.104938,0.225000,2.537000,0.493000,3.255000
KB6_NhieuSVNamCuoi,TOPSIS,EWM,61,5000,1.500000,low,262,1527,64.220000,93.896104,38.736059,0.852542,99.104938,0.235000,3.050000,0.178000,3.463000
KB6_NhieuSVNamCuoi,Hybrid,EWM,61,5000,1.500000,low,262,6236,64.800000,94.329004,39.442379,0.855910,100.000000,0.552000,2.852000,63.046000,66.450000
KB6_NhieuSVNamCuoi,TOPSIS,AHP,61,5000,1.500000,low,262,1527,64.220000,93.506494,39.070632,0.855732,99.104938,0.196000,2.939000,0.388000,3.523000
KB6_NhieuSVNamCuoi,Hybrid,AHP,61,5000,1.500000,low,262,6236,64.800000,94.112554,39.628253,0.857659,100.000000,0.519000,2.565000,65.057000,68.141000
KB6_NhieuSVNamCuoi,FIFO,-,62,5000,1.500000,low,0,1768,64.640000,63.800705,65.336750,0.999859,99.753086,0.000000,3.639000,0.157000,3.796000
KB6_NhieuSVNamCuoi,Rule-based,-,62,5000,1.500000,low,257,1512,64.620000,69.973545,60.175695,0.994365,99.722222,0.267000,3.344000,0.147000,3.758000
KB6_NhieuSVNamCuoi,TOPSIS,EWM,62,5000,1.500000,low,257,1512,64.620000,94.664903,39.677892,0.856509,99.722222,0.487000,4.472000,0.136000,5.095000
KB6_NhieuSVNamCuoi,Hybrid,EWM,62,5000,1.500000,low,257,6246,64.800000,94.929453,39.787701,0.856503,100.000000,0.305000,3.761000,68.754000,72.820000
KB6_NhieuSVNamCuoi,TOPSIS,AHP,62,5000,1.500000,low,257,1512,64.620000,94.312169,39.970717,0.859280,99.722222,0.211000,2.796000,0.141000,3.148000
KB6_NhieuSVNamCuoi,Hybrid,AHP,62,5000,1.500000,low,257,6246,64.800000,94.753086,39.934114,0.857885,100.000000,0.213000,3.881000,66.884000,70.978000
KB6_NhieuSVNamCuoi,FIFO,-,63,5000,1.500000,low,0,1764,64.720000,65.367582,64.186725,0.999917,99.876543,0.000000,3.709000,0.149000,3.858000
KB6_NhieuSVNamCuoi,Rule-based,-,63,5000,1.500000,low,260,1510,64.600000,70.770593,59.518600,0.992597,99.691358,0.202000,3.063000,0.146000,3.411000
KB6_NhieuSVNamCuoi,TOPSIS,EWM,63,5000,1.500000,low,260,1510,64.600000,94.065545,40.335522,0.862203,99.691358,0.189000,3.343000,0.266000,3.798000
KB6_NhieuSVNamCuoi,Hybrid,EWM,63,5000,1.500000,low,260,6240,64.800000,94.419841,40.408461,0.861716,100.000000,0.495000,3.016000,60.998000,64.509000
KB6_NhieuSVNamCuoi,TOPSIS,AHP,63,5000,1.500000,low,260,1510,64.600000,93.711249,40.627279,0.864944,99.691358,0.199000,3.651000,0.246000,4.096000
KB6_NhieuSVNamCuoi,Hybrid,AHP,63,5000,1.500000,low,260,6240,64.800000,94.065545,40.700219,0.864450,100.000000,0.344000,2.633000,61.701000,64.678000
KB6_NhieuSVNamCuoi,FIFO,-,64,5000,1.500000,low,0,1765,64.700000,65.974924,63.602531,0.999665,99.845679,0.000000,2.424000,0.188000,2.612000
KB6_NhieuSVNamCuoi,Rule-based,-,64,5000,1.500000,low,229,1542,64.580000,69.865975,60.029773,0.994299,99.660494,0.722000,2.360000,0.141000,3.223000
KB6_NhieuSVNamCuoi,TOPSIS,EWM,64,5000,1.500000,low,229,1542,64.580000,94.595763,38.742092,0.850725,99.660494,0.214000,3.366000,0.144000,3.724000
KB6_NhieuSVNamCuoi,Hybrid,EWM,64,5000,1.500000,low,229,6302,64.800000,95.460441,38.407146,0.846282,100.000000,0.280000,4.118000,61.895000,66.293000
KB6_NhieuSVNamCuoi,TOPSIS,AHP,64,5000,1.500000,low,229,1542,64.580000,94.033722,39.225902,0.855318,99.660494,0.208000,2.776000,0.159000,3.143000
KB6_NhieuSVNamCuoi,Hybrid,AHP,64,5000,1.500000,low,229,6302,64.800000,95.071336,38.742092,0.849472,100.000000,0.197000,3.582000,66.325000,70.104000
KB6_NhieuSVNamCuoi,FIFO,-,65,5000,1.500000,low,0,1772,64.560000,65.295405,63.941068,0.999890,99.629630,0.000000,2.488000,0.609000,3.097000
KB6_NhieuSVNamCuoi,Rule-based,-,65,5000,1.500000,low,227,1554,64.380000,69.102845,60.405157,0.995510,99.351852,0.216000,2.351000,0.138000,2.705000
KB6_NhieuSVNamCuoi,TOPSIS,EWM,65,5000,1.500000,low,227,1554,64.380000,94.792123,38.784530,0.850481,99.351852,0.435000,2.946000,0.188000,3.569000
KB6_NhieuSVNamCuoi,Hybrid,EWM,65,5000,1.500000,low,227,6308,64.760000,95.317287,39.042357,0.850756,99.938272,0.331000,2.810000,65.727000,68.868000
KB6_NhieuSVNamCuoi,TOPSIS,AHP,65,5000,1.500000,low,227,1554,64.380000,94.004376,39.447514,0.856804,99.351852,0.334000,3.077000,0.146000,3.557000
KB6_NhieuSVNamCuoi,Hybrid,AHP,65,5000,1.500000,low,227,6308,64.760000,94.792123,39.484346,0.854951,99.938272,0.210000,3.086000,66.638000,69.934000
KB6_NhieuSVNamCuoi,FIFO,-,66,5000,1.500000,low,0,1767,64.660000,64.250559,64.990958,0.999967,99.783951,0.000000,4.124000,0.263000,4.387000
KB6_NhieuSVNamCuoi,Rule-based,-,66,5000,1.500000,low,259,1514,64.540000,69.664430,60.397830,0.994949,99.598765,0.218000,2.759000,0.134000,3.111000
KB6_NhieuSVNamCuoi,TOPSIS,EWM,66,5000,1.500000,low,259,1514,64.540000,93.736018,40.940325,0.866792,99.598765,0.185000,3.196000,0.136000,3.517000
KB6_NhieuSVNamCuoi,Hybrid,EWM,66,5000,1.500000,low,259,6242,64.800000,94.228188,41.012658,0.865927,100.000000,0.285000,2.705000,63.238000,66.228000
KB6_NhieuSVNamCuoi,TOPSIS,AHP,66,5000,1.500000,low,259,1514,64.540000,93.467562,41.157324,0.868824,99.598765,0.319000,3.259000,0.267000,3.845000
KB6_NhieuSVNamCuoi,Hybrid,AHP,66,5000,1.500000,low,259,6242,64.800000,94.183445,41.048825,0.866265,100.000000,0.577000,3.391000,64.217000,68.185000
KB6_NhieuSVNamCuoi,FIFO,-,67,5000,1.500000,low,0,1769,64.620000,63.887650,65.215814,0.999894,99.722222,0.000000,2.544000,0.164000,2.708000
KB6_NhieuSVNamCuoi,Rule-based,-,67,5000,1.500000,low,227,1544,64.580000,69.371378,60.681901,0.995556,99.660494,0.547000,3.705000,0.157000,4.409000
KB6_NhieuSVNamCuoi,TOPSIS,EWM,67,5000,1.500000,low,227,1544,64.580000,94.828355,39.970983,0.857918,99.660494,0.311000,2.754000,0.406000,3.471000
KB6_NhieuSVNamCuoi,Hybrid,EWM,67,5000,1.500000,low,227,6306,64.800000,95.497102,39.825898,0.855252,100.000000,0.211000,4.625000,63.227000,68.063000
KB6_NhieuSVNamCuoi,TOPSIS,AHP,67,5000,1.500000,low,227,1544,64.580000,94.471690,40.261153,0.860667,99.660494,0.240000,2.142000,0.155000,2.537000
KB6_NhieuSVNamCuoi,Hybrid,AHP,67,5000,1.500000,low,227,6306,64.800000,95.229603,40.043526,0.857316,100.000000,0.378000,2.261000,65.732000,68.371000
KB6_NhieuSVNamCuoi,FIFO,-,68,5000,1.500000,low,0,1772,64.560000,64.726175,64.416263,0.999994,99.629630,0.000000,3.476000,0.166000,3.642000
KB6_NhieuSVNamCuoi,Rule-based,-,68,5000,1.500000,low,239,1546,64.300000,68.952135,60.276016,0.995513,99.228395,0.259000,4.623000,0.246000,5.128000
KB6_NhieuSVNamCuoi,TOPSIS,EWM,68,5000,1.500000,low,239,1546,64.300000,93.574817,38.977993,0.854956,99.228395,0.361000,4.385000,0.169000,4.915000
KB6_NhieuSVNamCuoi,Hybrid,EWM,68,5000,1.500000,low,239,6282,64.800000,94.911600,38.754196,0.849970,100.000000,0.625000,3.034000,66.418000,70.077000
KB6_NhieuSVNamCuoi,TOPSIS,AHP,68,5000,1.500000,low,239,1546,64.300000,93.100474,39.388288,0.858843,99.228395,0.314000,2.746000,0.151000,3.211000
KB6_NhieuSVNamCuoi,Hybrid,AHP,68,5000,1.500000,low,239,6282,64.800000,94.566624,39.052592,0.852798,100.000000,0.203000,3.803000,70.050000,74.056000
KB6_NhieuSVNamCuoi,FIFO,-,69,5000,1.500000,low,0,1775,64.500000,64.729549,64.314151,0.999990,99.537037,0.000000,2.673000,0.196000,2.869000
KB6_NhieuSVNamCuoi,Rule-based,-,69,5000,1.500000,low,238,1549,64.260000,69.199821,60.260586,0.995255,99.166667,0.353000,3.481000,0.156000,3.990000
KB6_NhieuSVNamCuoi,TOPSIS,EWM,69,5000,1.500000,low,238,1549,64.260000,94.680376,39.630836,0.856172,99.166667,0.328000,3.092000,0.164000,3.584000
KB6_NhieuSVNamCuoi,Hybrid,EWM,69,5000,1.500000,low,238,6285,64.780000,95.306214,40.065147,0.857249,99.969136,0.221000,3.622000,65.529000,69.372000
KB6_NhieuSVNamCuoi,TOPSIS,AHP,69,5000,1.500000,low,238,1549,64.260000,94.412159,39.847991,0.858247,99.166667,0.201000,2.576000,0.133000,2.910000
KB6_NhieuSVNamCuoi,Hybrid,AHP,69,5000,1.500000,low,238,6285,64.780000,95.216808,40.137532,0.857935,99.969136,0.234000,3.668000,72.885000,76.787000
KB6_NhieuSVNamCuoi,FIFO,-,70,5000,1.500000,low,0,1768,64.640000,64.910714,64.420290,0.999986,99.753086,0.000000,2.672000,0.152000,2.824000
KB6_NhieuSVNamCuoi,Rule-based,-,70,5000,1.500000,low,221,1550,64.580000,70.223214,60.000000,0.993875,99.660494,0.588000,2.701000,0.142000,3.431000
KB6_NhieuSVNamCuoi,TOPSIS,EWM,70,5000,1.500000,low,221,1550,64.580000,95.089286,39.818841,0.856278,99.660494,0.321000,3.883000,0.273000,4.477000
KB6_NhieuSVNamCuoi,Hybrid,EWM,70,5000,1.500000,low,221,6318,64.800000,95.714286,39.710145,0.853957,100.000000,0.671000,2.807000,64.314000,67.792000
KB6_NhieuSVNamCuoi,TOPSIS,AHP,70,5000,1.500000,low,221,1550,64.580000,94.508929,40.289855,0.860746,99.660494,0.286000,2.494000,0.486000,3.266000
KB6_NhieuSVNamCuoi,Hybrid,AHP,70,5000,1.500000,low,221,6318,64.800000,95.491071,39.891304,0.855678,100.000000,0.212000,2.907000,61.162000,64.281000
KB6_NhieuSVNamCuoi,FIFO,-,71,5000,1.500000,low,0,1767,64.660000,64.537158,64.764728,0.999997,99.783951,0.000000,2.452000,0.136000,2.588000
KB6_NhieuSVNamCuoi,Rule-based,-,71,5000,1.500000,low,276,1499,64.500000,68.578879,61.022601,0.996612,99.537037,0.501000,2.310000,0.134000,2.945000
KB6_NhieuSVNamCuoi,TOPSIS,EWM,71,5000,1.500000,low,276,1499,64.500000,92.916123,40.274176,0.864892,99.537037,0.308000,2.917000,0.167000,3.392000
KB6_NhieuSVNamCuoi,Hybrid,EWM,71,5000,1.500000,low,276,6208,64.800000,93.828770,40.051871,0.861070,100.000000,0.383000,2.464000,64.373000,67.220000
KB6_NhieuSVNamCuoi,TOPSIS,AHP,71,5000,1.500000,low,276,1499,64.500000,92.611908,40.533531,0.867310,99.537037,0.465000,2.612000,0.346000,3.423000
KB6_NhieuSVNamCuoi,Hybrid,AHP,71,5000,1.500000,low,276,6208,64.800000,93.698392,40.163023,0.862110,100.000000,0.408000,2.629000,65.643000,68.680000
